

CREATE TABLE `datapoints` (
  `x` int(11) NOT NULL,
  `y` int(11) DEFAULT NULL
) ENGINE=InnoDB DEFAULT CHARSET=utf8mb4 COLLATE=utf8mb4_unicode_ci;

INSERT INTO datapoints VALUES("10","71");
INSERT INTO datapoints VALUES("20","55");
INSERT INTO datapoints VALUES("30","50");
INSERT INTO datapoints VALUES("40","65");
INSERT INTO datapoints VALUES("50","95");
INSERT INTO datapoints VALUES("60","68");
INSERT INTO datapoints VALUES("70","28");
INSERT INTO datapoints VALUES("80","34");
INSERT INTO datapoints VALUES("90","50");
INSERT INTO datapoints VALUES("100","65");
INSERT INTO datapoints VALUES("110","45");
INSERT INTO datapoints VALUES("120","30");
INSERT INTO datapoints VALUES("130","45");
INSERT INTO datapoints VALUES("140","85");
INSERT INTO datapoints VALUES("150","14");



CREATE TABLE `employee_attendance` (
  `id` int(11) NOT NULL AUTO_INCREMENT,
  `date` date DEFAULT NULL,
  `employee_id` int(11) DEFAULT NULL,
  `in_time` varchar(255) DEFAULT NULL,
  `out_time` varchar(255) DEFAULT NULL,
  `created` date NOT NULL,
  `remark` varchar(255) DEFAULT NULL,
  PRIMARY KEY (`id`)
) ENGINE=InnoDB AUTO_INCREMENT=7 DEFAULT CHARSET=utf8mb4;

INSERT INTO employee_attendance VALUES("4","2021-02-25","3","11:00","16:15","2021-02-25","");
INSERT INTO employee_attendance VALUES("5","2021-02-25","1","10:00","17:00","2021-02-25","");
INSERT INTO employee_attendance VALUES("6","2021-02-26","1","10:00","17:00","2021-02-25","");



CREATE TABLE `employee_data` (
  `id` int(11) NOT NULL AUTO_INCREMENT,
  `name` varchar(255) DEFAULT NULL,
  `address` longtext DEFAULT NULL,
  `city_or_vill` varchar(255) DEFAULT NULL,
  `pincode` varchar(255) DEFAULT NULL,
  `contact_number` varchar(255) DEFAULT NULL,
  `additional_contact_number` varchar(255) DEFAULT NULL,
  `current_address` varchar(255) DEFAULT NULL,
  `current_pin` varchar(255) DEFAULT NULL,
  `local_guardian_name` varchar(255) DEFAULT NULL,
  `local_guardian_contact_number` varchar(255) DEFAULT NULL,
  `home_contact_number` varchar(255) DEFAULT NULL,
  `home_additional_contact_number` varchar(255) DEFAULT NULL,
  `img` varchar(255) DEFAULT NULL,
  `monthly_salary` float(16,2) DEFAULT NULL,
  `joining_date` date DEFAULT NULL,
  `created` date DEFAULT NULL,
  PRIMARY KEY (`id`)
) ENGINE=InnoDB AUTO_INCREMENT=4 DEFAULT CHARSET=utf8mb4;

INSERT INTO employee_data VALUES("1","Latifah Holcomb","Nesciunt iusto nobi","Fugiat minim dolore","Quia excepturi aute ","418","178","Nostrum eum placeat","Occaecat omnis offic","Sacha Reid","562","686","805","1.jpg","11.00","1992-05-05","2021-02-22");
INSERT INTO employee_data VALUES("2","Kasimir Kent","Voluptatem omnis am","Quis qui reprehender","Eiusmod id pariatur","371","238","Quia consequat Offi","Incididunt sit neces","Ronan Bond","382","412","659","2.jpg","8.00","1973-08-28","2021-02-22");
INSERT INTO employee_data VALUES("3","Kiona Guy","Et sequi consequatur","Et quidem iure sint","Et ullamco dignissim","107","294","Ratione aliquip prov","Molestias veritatis ","Darius Watts","67890999","7898676","89009098776","3.jpg","10000.00","2016-09-16","2021-02-22");



CREATE TABLE `employee_salary` (
  `id` int(11) NOT NULL AUTO_INCREMENT,
  `employee_id` int(11) DEFAULT NULL,
  `month` varchar(255) DEFAULT NULL,
  `year` varchar(255) DEFAULT NULL,
  `amount` float(255,2) DEFAULT NULL,
  `created` date DEFAULT NULL,
  PRIMARY KEY (`id`)
) ENGINE=InnoDB DEFAULT CHARSET=utf8mb4;




CREATE TABLE `food_admin_push_notification` (
  `id` int(11) NOT NULL AUTO_INCREMENT,
  `token` longtext DEFAULT NULL,
  `status` int(11) NOT NULL,
  PRIMARY KEY (`id`)
) ENGINE=MyISAM DEFAULT CHARSET=latin1;




CREATE TABLE `food_category` (
  `id` int(11) NOT NULL AUTO_INCREMENT,
  `name` varchar(255) DEFAULT NULL,
  `status` int(11) DEFAULT 1,
  PRIMARY KEY (`id`)
) ENGINE=MyISAM AUTO_INCREMENT=20 DEFAULT CHARSET=latin1;

INSERT INTO food_category VALUES("1","Rolls & Starters","1");
INSERT INTO food_category VALUES("2","Combos & Thalis","1");
INSERT INTO food_category VALUES("3","South Indian","1");
INSERT INTO food_category VALUES("4","Indian","1");
INSERT INTO food_category VALUES("5","Chinese","1");
INSERT INTO food_category VALUES("6","Continental","1");
INSERT INTO food_category VALUES("7","Beverages hot & cold","1");
INSERT INTO food_category VALUES("8","Desserts & Sundaes","1");
INSERT INTO food_category VALUES("9","Ice Creams & Swirls","1");
INSERT INTO food_category VALUES("10","Online - Quick Bites","1");
INSERT INTO food_category VALUES("11","Combos & Thalis Online","1");
INSERT INTO food_category VALUES("12","Online - Chinese Combo","1");
INSERT INTO food_category VALUES("13","Online - North Indian","1");
INSERT INTO food_category VALUES("14","Online- Continental","1");
INSERT INTO food_category VALUES("15","Online - Chinese","1");
INSERT INTO food_category VALUES("16","Online - South Indian","1");
INSERT INTO food_category VALUES("17","Online - Beverages","1");
INSERT INTO food_category VALUES("18","Online- Desserts & Sundaes","1");
INSERT INTO food_category VALUES("19","Online - Breakfast Special","1");



CREATE TABLE `food_customers` (
  `id` int(11) NOT NULL AUTO_INCREMENT,
  `order_id` int(11) DEFAULT NULL,
  `ip` varchar(255) DEFAULT NULL,
  `name` varchar(255) DEFAULT NULL,
  `contact` varchar(255) DEFAULT NULL,
  `email` varchar(255) DEFAULT NULL,
  `firebase_token` longtext DEFAULT NULL,
  `remark` longtext DEFAULT NULL,
  `created` date DEFAULT NULL,
  `status` int(11) DEFAULT 1,
  PRIMARY KEY (`id`),
  UNIQUE KEY `order_id` (`order_id`)
) ENGINE=MyISAM AUTO_INCREMENT=17 DEFAULT CHARSET=latin1;

INSERT INTO food_customers VALUES("1","10","","New Customer","8001691299","daspapun21@gmail.com","","ok gtht","","1");
INSERT INTO food_customers VALUES("2","15","","dsghsdf","464536","","","","","1");
INSERT INTO food_customers VALUES("3","9","","esdfgsd","","","","","","1");
INSERT INTO food_customers VALUES("4","16","","hfgh","457547","gfhfg","","dhdfh","","1");
INSERT INTO food_customers VALUES("5","18","","dfhdfhd","45745745","admin@gmail.com","","dfhdfh","","1");
INSERT INTO food_customers VALUES("6","20","","Yoshio Carrillo","3656","admin@gmail.com","","Ea lorem similique v","","1");
INSERT INTO food_customers VALUES("7","23","","dfhfd","443643","fdhdfh@gg.ll","","3534534","","1");
INSERT INTO food_customers VALUES("8","24","","dfhdfh","","","","","","1");
INSERT INTO food_customers VALUES("9","25","","","80001691299","","","","","1");
INSERT INTO food_customers VALUES("10","27","","36346","","gfdg2@dfhdf.ll","","","","1");
INSERT INTO food_customers VALUES("13","30","","Biswanath Das","8001691299","dummy@site.com","","","2021-02-19","1");
INSERT INTO food_customers VALUES("12","29","","dhdfhdh","3656456","dfhgd@ggg.lll","","dfhfdhdf","2021-02-19","1");
INSERT INTO food_customers VALUES("14","31","","Biswanath Das","8001691299","daspapun22@gmail.com","","","2021-02-21","1");
INSERT INTO food_customers VALUES("15","32","","John Dow","8001691299","admin@gmail.com","","","2021-02-21","1");
INSERT INTO food_customers VALUES("16","34","","","8888888","","","","2021-02-26","1");



CREATE TABLE `food_demo` (
  `id` int(11) NOT NULL AUTO_INCREMENT,
  `title` varchar(2999) DEFAULT NULL,
  `category` int(11) DEFAULT NULL,
  `price` float(6,2) DEFAULT NULL,
  `status` int(11) DEFAULT 1,
  `img` varchar(2888) DEFAULT NULL,
  `description` varchar(29999) DEFAULT NULL,
  `veg_or_nonveg` int(11) DEFAULT 1 COMMENT '1= non veg , 0=veg',
  `menu_type` int(11) NOT NULL DEFAULT 1 COMMENT '1=> offline , 2=>online, ...',
  PRIMARY KEY (`id`)
) ENGINE=MyISAM AUTO_INCREMENT=627 DEFAULT CHARSET=latin1;

INSERT INTO food_demo VALUES("1"," VEG ROLL","1","50.00","1","1_1611671510.jpg","ROLLS VEG ROLL","0","1");
INSERT INTO food_demo VALUES("2","PANEER ROLL","1","60.00","1","2_1611671538.jpg","PANEER ROLL","0","1");
INSERT INTO food_demo VALUES("3","EGG ROLL","1","60.00","1","3_1611671586.jpg","","1","1");
INSERT INTO food_demo VALUES("4","CHICKEN KEBAB ROLL","1","65.00","1","4_1611671611.jpg","CHICKEN KEBAB ROLL","1","1");
INSERT INTO food_demo VALUES("5","CHICKEN CHEESE KEBAB ROL","1","75.00","1","5_1611671624.jpg","","1","1");
INSERT INTO food_demo VALUES("6","EGG CHICKEN KEBAB ROLL","1","75.00","1","6_1611671669.jpg","EGG CHICKEN KEBAB ROLL","1","1");
INSERT INTO food_demo VALUES("7","EGG CHEESE, CHICKEN KEBAB ROLL","1","85.00","1","7_1611671683.jpg","EGG CHEESE, CHICKEN KEBAB ROLL","1","1");
INSERT INTO food_demo VALUES("12","VEG PANKO MOMO","1","140.00","1","12_1611671806.jpg","VEG PANKO MOMO","1","1");
INSERT INTO food_demo VALUES("9","VEG MOMO STRAMED","1","105.00","1","9_1611671765.jpg","VEG MOMO ( STEAMED/FRIED)","1","1");
INSERT INTO food_demo VALUES("13","CHICKEN PANKO MOMO","1","150.00","1","13_1611671819.jpg","CHICKEN PANKO MOMO","1","1");
INSERT INTO food_demo VALUES("11","CHICKEN MOMO STAMED","1","120.00","1","11_1611671779.jpg","CHICKEN MOMO","1","1");
INSERT INTO food_demo VALUES("14","VEG WRAP","1","115.00","1","14_1611671875.jpg","VEG WRAP","1","1");
INSERT INTO food_demo VALUES("15","GRILLED PANEER WRAP","1","125.00","1","15_1611671887.jpg","GRILLED PANEER WRAP","1","1");
INSERT INTO food_demo VALUES("16","EGG MUSHROOM WRAP","1","140.00","1","16_1611671900.jpg","EGG MUSHROOM WRAP","1","1");
INSERT INTO food_demo VALUES("17","GRILLED CHICKEN WRAP","1","140.00","1","17_1611671916.jpg","GRILLED CHICKEN WRAP","1","1");
INSERT INTO food_demo VALUES("18","FRENCH FRIES","1","80.00","1","18_1611671986.jpg","FRENCH FRIES","0","1");
INSERT INTO food_demo VALUES("19","PANEER PAKODA","1","140.00","1","19_1611672006.jpg","PANEER PAKODA","0","1");
INSERT INTO food_demo VALUES("20","CHEESE CORN NUGGETS","1","120.00","1","20_1611672018.jpg","CHEESE CORN NUGGETS","0","1");
INSERT INTO food_demo VALUES("21","CHILLI GARLIC POTATO SHOTS","1","120.00","1","21_1611672029.jpg","CHILLI GARLIC POTATO SHOTS","0","1");
INSERT INTO food_demo VALUES("22","VEG CUTLE","1","120.00","1","22_1611672048.jpg","VEG CUTLE","0","1");
INSERT INTO food_demo VALUES("23","VEG FALAFEL KABAB ","1","120.00","1","23_1611672061.jpg","VEG FALAFEL KABAB ","0","1");
INSERT INTO food_demo VALUES("24","VADA PAV 2PC   ","1","120.00","1","24_1611672075.jpg","VADA PAV 2PC   ","0","1");
INSERT INTO food_demo VALUES("25","CRISPY CHILLI BABY CORN (DRY)","1","175.00","1","25_1611670392.jpg","CRISPY CHILLI BABY CORN (DRY)","0","1");
INSERT INTO food_demo VALUES("26","CRISPY CHILLI POTATO","1","160.00","1","26.jpg","CRISPY CHILLI POTATO","0","1");
INSERT INTO food_demo VALUES("27","CHILLI BUTTER MUSHROOM GOLDEN FRY","1","170.00","1","27.jpg","CHILLI BUTTER MUSHROOM GOLDEN FRY","0","1");
INSERT INTO food_demo VALUES("28","CHOLA BHATURA","1","150.00","1","28.jpg","CHOLA BHATURA","0","1");
INSERT INTO food_demo VALUES("29","PAV BHAJI   ","1","120.00","1","29.jpg","PAV BHAJI   ","0","1");
INSERT INTO food_demo VALUES("30","CHICKEN FRIES","1","130.00","1","30.jpg","CHICKEN FRIES","1","1");
INSERT INTO food_demo VALUES("31","CHICKEN PAKODA","1","160.00","1","31.jpg","CHICKEN PAKODA","1","1");
INSERT INTO food_demo VALUES("32","CHICKEN POPCORN ","1","130.00","1","32.jpg","CHICKEN POPCORN ","1","1");
INSERT INTO food_demo VALUES("33","CHICKEN CUTLE","1","160.00","1","33.jpg","CHICKEN CUTLE","1","1");
INSERT INTO food_demo VALUES("34","CHICKEN NUGGETS","1","130.00","1","34.jpg","CHICKEN NUGGETS","1","1");
INSERT INTO food_demo VALUES("35","CHICKEN SAUSAGES","1","140.00","1","35.jpg","CHICKEN SAUSAGES","1","1");
INSERT INTO food_demo VALUES("36","CHICKEN WINGS  ","1","150.00","1","36.jpg","CHICKEN WINGS  ","1","1");
INSERT INTO food_demo VALUES("37","FRIED CHICKEN STRIPS WITH FRIES","1","190.00","1","37.jpg","FRIED CHICKEN STRIPS WITH FRIES","1","1");
INSERT INTO food_demo VALUES("38","PAN FRIED CHICKEN (GARLIC/SCHEZWAN)","1","199.00","1","38.jpg","PAN FRIED CHICKEN (GARLIC/SCHEZWAN)","1","1");
INSERT INTO food_demo VALUES("39","PEPPER GARLIC CHICKEN","1","180.00","1","39.jpg","PEPPER GARLIC CHICKEN","1","1");
INSERT INTO food_demo VALUES("40","CRISPY FRIED CHICKEN","1","175.00","1","40.jpg","CRISPY FRIED CHICKEN","1","1");
INSERT INTO food_demo VALUES("41","CHICKEN RESHMI KEBAB ","1","190.00","1","41.jpg","CHICKEN RESHMI KEBAB ","1","1");
INSERT INTO food_demo VALUES("42","CHICKEN TIKKA KEBAB","1","190.00","1","42.jpg","CHICKEN TIKKA KEBAB","1","1");
INSERT INTO food_demo VALUES("43","FISH FINGER WITH FRIES (6 PC.)  ","1","200.00","1","43.jpg","FISH FINGER WITH FRIES (6 PC.)  ","1","1");
INSERT INTO food_demo VALUES("44","FISH AND CHIPS WITH FRIES AND TARTAR SAUCE ","1","200.00","1","44.jpg","FISH AND CHIPS WITH FRIES AND TARTAR SAUCE ","1","1");
INSERT INTO food_demo VALUES("45","PAN FRIED FISH (GARLIC/SCHEZWAN)  ","1","220.00","1","45.jpg","PAN FRIED FISH (GARLIC/SCHEZWAN)  ","1","1");
INSERT INTO food_demo VALUES("46","VEG NOODLE COMBO","2","175.00","1","46.jpg","VEG HAKKA NOODLE & CHILLI PANEER/VEG MANCHURIAN
","0","1");
INSERT INTO food_demo VALUES("47","VEG RICE COMBO","2","185.00","1","47.jpg","(VEG FRIED RICE & CHILLI PANEER/VEG MANCHURIAN)","0","1");
INSERT INTO food_demo VALUES("48","CHICKEN NOODLE COMBO ","2","185.00","1","48.jpg","CHICKEN HAKKA NOODLE & CHILLI CHICKEN/CHICKEN MANCHURIA","1","1");
INSERT INTO food_demo VALUES("49","CHICKEN RICE COMBO","2","195.00","1","49.jpg","(CHICKEN FRIED RICE & CHILLI CHICKEN/CHICKEN MANCHURIAN)","1","1");
INSERT INTO food_demo VALUES("50","CHINESE SIZZLER VEG","2","250.00","1","50.jpg","CHINESE SIZZLER VEG/NON- VEG ","1","1");
INSERT INTO food_demo VALUES("51","CHINESE SIZZLER NON-VEG","2","290.00","1","51.jpg","CHINESE SIZZLER NON-VEG","1","1");
INSERT INTO food_demo VALUES("52","VEG MOMO FRIED","1","115.00","1","52.jpg","VEG MOMO FRIED","1","1");
INSERT INTO food_demo VALUES("53","CHICKEN MOMO (FRIED)","1","130.00","1","53.jpg","CHICKEN MOMO (FRIED)","1","1");
INSERT INTO food_demo VALUES("54","VEG NAVRATAN THALI","2","185.00","1","54.jpg","(2 PC.LACCHA PARAATHA OR RICE, DAL MAKHANI/DAL FRY, NAVRATAN KORMA GRAVY)","0","1");
INSERT INTO food_demo VALUES("55","PANEER TIKKA THALI","2","190.00","1","55.jpg","2 PC.LACCH APARAATHA OR RICE, DAL MAKHANI/DAL FRY, PANEER TIKKA MASALA","1","1");
INSERT INTO food_demo VALUES("56","SCOOP SPECIAL VEG THALI ","2","230.00","1","56.jpg","2 PC.TAWA ROTI, RICE, 2 TYPES OF SABJI, DAL MAKHANI/DAL FRY, SALAD, RAITA, PAPAD","1","1");
INSERT INTO food_demo VALUES("57","CHICKEN TIKKA THAL","2","195.00","1","57.jpg","2 PC.LACCHA PARAATHA OR RICE, DAL MAKHANI/DAL FRY, CHICKENTIKKA MASALA","1","1");
INSERT INTO food_demo VALUES("58","CHICKEN BUTTER MASALA THALI","2","195.00","1","58.jpg","2 PC.LACCHA PARAATHA OR RI","1","1");
INSERT INTO food_demo VALUES("59","CHICKEN RESHMI MASALA THAL","2","195.00","1","59.jpg","2 PC.LACCHA PARAATHA OR RICE, DAL MAKHANI/DAL FRY, CHICKENRESHMI MASALA","1","1");
INSERT INTO food_demo VALUES("60","SCOOP SPECIAL NON VEG THALI ","2","250.00","1","60.jpg","2 PC.TAWAROTI, RICE, 2 TYPES OF CHICKEN,DAL MAKHANI/DAL FRY, SALAD, RAITA, PAPAD","1","1");
INSERT INTO food_demo VALUES("61","PLAIN IDLY","3","80.00","1","61.jpg","PLAIN IDLY","1","1");
INSERT INTO food_demo VALUES("62","Butter Idly","3","90.00","1","62.jpg","Butter Idly","1","1");
INSERT INTO food_demo VALUES("63","FRIED IDLY ","3","95.00","1","63.jpg","FRIED IDLY ","1","1");
INSERT INTO food_demo VALUES("64","PLAIN VADA","3","80.00","1","64.jpg","PLAIN VADA","1","1");
INSERT INTO food_demo VALUES("65","SAMBAR VADA","3","80.00","1","65.jpg","SAMBAR VADA","1","1");
INSERT INTO food_demo VALUES("66","PLAIN UTTAPAM ","3","115.00","1","66.jpg","PLAIN UTTAPAM ","1","1");
INSERT INTO food_demo VALUES("67","MASALA UTTAPAM","3","120.00","1","67.jpg","MASALA UTTAPAM","1","1");
INSERT INTO food_demo VALUES("68","ONION/TOMATO/MIXED UTTAPAM ","3","125.00","1","68.jpg","ONION/TOMATO/MIXED UTTAPAM ","1","1");
INSERT INTO food_demo VALUES("69","PANEER/CHEESE/SCHEZWAN UTTAPAM","3","130.00","1","69.jpg","PANEER/CHEESE/SCHEZWAN UTTAPAM","1","1");
INSERT INTO food_demo VALUES("70","PLAIN DOSA   - NORMAL","3","105.00","1","70.jpg","PLAIN DOSA   - NORMAL","1","1");
INSERT INTO food_demo VALUES("71","PLAIN DOSA   - PAPER","3","130.00","1","71.jpg","PLAIN DOSA   - PAPER","1","1");
INSERT INTO food_demo VALUES("72","BUTTER PLAIN DOSA   -NORMAL","3","115.00","1","72.jpg","BUTTER PLAIN DOSA   -NORMAL","1","1");
INSERT INTO food_demo VALUES("73","BUTTER PLAIN DOSA   -PAPER","3","140.00","1","73.jpg","BUTTER PLAIN DOSA   -PAPER","1","1");
INSERT INTO food_demo VALUES("74","CHEESE PLAIN DOSA","3","125.00","1","74.jpg","CHEESE PLAIN DOSA","1","1");
INSERT INTO food_demo VALUES("75","ONION PLAIN DOSA ","3","125.00","1","75.jpg","ONION PLAIN DOSA ","1","1");
INSERT INTO food_demo VALUES("76","BUTTER CHEESE PLAIN DOSA  - NORMAL","3","130.00","1","76.jpg","BUTTER CHEESE PLAIN DOSA  - NORMAL","1","1");
INSERT INTO food_demo VALUES("77","BUTTER CHEESE PLAIN DOSA  - PAPER","3","140.00","1","77.jpg","BUTTER CHEESE PLAIN DOSA  - PAPER","1","1");
INSERT INTO food_demo VALUES("78","BUTTER ONION PLAIN DOSA -NORMAL","3","130.00","1","78.jpg","BUTTER ONION PLAIN DOSA ","1","1");
INSERT INTO food_demo VALUES("79","BUTTER ONION PLAIN DOSA -PAPER","3","140.00","1","79.jpg","BUTTER ONION PLAIN DOSA ","1","1");
INSERT INTO food_demo VALUES("80","SCHEZWAN PLAIN DOSA - PAPER","3","140.00","1","80.jpg","SCHEZWAN PLAIN DOSA","1","1");
INSERT INTO food_demo VALUES("81","MASALA DOSA - NORMAL","3","115.00","1","81.jpg","MASALA DOSA ","1","1");
INSERT INTO food_demo VALUES("82","MASALA DOSA - PAPER","3","130.00","1","82.jpg","MASALA DOSA ","1","1");
INSERT INTO food_demo VALUES("83","BUTTER MASALA DOSA  -NORMAL","3","125.00","1","83.jpg","BUTTER MASALA DOSA ","1","1");
INSERT INTO food_demo VALUES("84","BUTTER MASALA DOSA  - PAPER","3","140.00","1","84.jpg","BUTTER MASALA DOSA ","1","1");
INSERT INTO food_demo VALUES("85","CHEESE  MASALA DOSA","3","135.00","1","85.jpg","CHEESE  MASALA DOSA","1","1");
INSERT INTO food_demo VALUES("86","CHEESE  MASALA DOSA -PAPER","3","140.00","1","86.jpg","CHEESE  MASALA DOSA","1","1");
INSERT INTO food_demo VALUES("87","ONION MASALA DOSA -NORMAL","3","135.00","1","87.jpg","ONION MASALA DOSA","1","1");
INSERT INTO food_demo VALUES("88","ONION MASALA DOSA - PAPER","3","140.00","1","88.jpg","ONION MASALA DOSA","1","1");
INSERT INTO food_demo VALUES("89","BUTTER CHEESE MASALA DOSA - NORMAL","3","145.00","1","89.jpg","BUTTER CHEESE MASALA DOSA","1","1");
INSERT INTO food_demo VALUES("90","BUTTER CHEESE MASALA DOSA - PAPER","3","150.00","1","90.jpg","BUTTER CHEESE MASALA DOSA","1","1");
INSERT INTO food_demo VALUES("91","BUTTER ONION MASALA DOSA - NORMAL","3","140.00","1","91.jpg","BUTTER ONION MASALA DOSA","1","1");
INSERT INTO food_demo VALUES("92","BUTTER ONION MASALA DOSA -PAPER","3","150.00","1","92.jpg","BUTTER ONION MASALA DOSA","1","1");
INSERT INTO food_demo VALUES("93","SCHEZWAN MASALA DOSA  -NORMAL","3","135.00","1","93.jpg","SCHEZWAN MASALA DOSA ","1","1");
INSERT INTO food_demo VALUES("94","SCHEZWAN MASALA DOSA  - PAPER","3","135.00","1","94.jpg","SCHEZWAN MASALA DOSA ","1","1");
INSERT INTO food_demo VALUES("95","SCHEZWAN MASALA DOSA - PAPER","3","140.00","1","95.jpg","SCHEZWAN MASALA DOSA ","1","1");
INSERT INTO food_demo VALUES("96","CHICKEN MASALA DOSA (OUR SPECIALITY) ","3","160.00","1","96.jpg","CHICKEN MASALA DOSA (OUR SPECIALITY) ","1","1");
INSERT INTO food_demo VALUES("97","CHICKEN MASALA DOSA (OUR SPECIALITY) - PAPER","3","170.00","1","97.jpg","CHICKEN MASALA DOSA (OUR SPECIALITY) ","1","1");
INSERT INTO food_demo VALUES("98","DAL FRY","4","140.00","1","98.jpg","DAL FRY","1","1");
INSERT INTO food_demo VALUES("99","DAL MAKHANI","4","140.00","1","99.jpg","DAL MAKHANI","1","1");
INSERT INTO food_demo VALUES("100","CHANA MASALA ","4","155.00","1","100.jpg","CHANA MASALA ","1","1");
INSERT INTO food_demo VALUES("101","ALOO DUM ","4","140.00","1","101.jpg","ALOO DUM ","1","1");
INSERT INTO food_demo VALUES("102","SHAHI PANEER","4","180.00","1","102.jpg","SHAHI PANEER","1","1");
INSERT INTO food_demo VALUES("103","NAVRATAN KORMA","4","185.00","1","103.jpg","NAVRATAN KORMA","1","1");
INSERT INTO food_demo VALUES("104","PANEER BUTTER MASALA","4","180.00","1","104.jpg","PANEER BUTTER MASALA","1","1");
INSERT INTO food_demo VALUES("105","MATAR PANEER","4","180.00","1","105.jpg","MATAR PANEER","1","1");
INSERT INTO food_demo VALUES("106","MALAI KOFTA","4","190.00","1","106.jpg","MALAI KOFTA","1","1");
INSERT INTO food_demo VALUES("107","LOHRI MALAI KOFTA ","4","200.00","1","107.jpg","LOHRI MALAI KOFTA ","1","1");
INSERT INTO food_demo VALUES("108","VEG JALFREZI","4","180.00","1","108.jpg","VEG JALFREZI","1","1");
INSERT INTO food_demo VALUES("109","CHICKEN BHARTA","4","190.00","1","109.jpg","CHICKEN BHARTA","1","1");
INSERT INTO food_demo VALUES("110","CHICKEN DO PIAZA","4","190.00","1","110.jpg","CHICKEN DO PIAZA","1","1");
INSERT INTO food_demo VALUES("111","CHICKEN BUTTER MASALA","4","200.00","1","111.jpg","CHICKEN BUTTER MASALA","1","1");
INSERT INTO food_demo VALUES("112","CHICKEN TIKKA MASALA","4","200.00","1","112.jpg","CHICKEN TIKKA MASALA","1","1");
INSERT INTO food_demo VALUES("113","CHICKEN RESHMI BUTTER MASALA","4","210.00","1","113.jpg","CHICKEN RESHMI BUTTER MASALA","1","1");
INSERT INTO food_demo VALUES("114","STEAMED RICE","4","90.00","1","114.jpg","STEAMED RICE","1","1");
INSERT INTO food_demo VALUES("115","JEERA RICE ","4","120.00","1","115.jpg","JEERA RICE ","1","1");
INSERT INTO food_demo VALUES("116","PEAS PULAO","4","130.00","1","116.jpg","PEAS PULAO","1","1");
INSERT INTO food_demo VALUES("117","VEG PULAO ","4","135.00","1","117.jpg","VEG PULAO ","1","1");
INSERT INTO food_demo VALUES("118","TAWA ROTI  ","4","10.00","1","118.jpg","TAWA ROTI ","1","1");
INSERT INTO food_demo VALUES("119","TAWA ROTI - GHEE","4","12.00","1","119.jpg","TAWA ROTI ","1","1");
INSERT INTO food_demo VALUES("120","LACHHA PARATHA","4","45.00","1","120.jpg","LACHHA PARATHA","1","1");
INSERT INTO food_demo VALUES("121","PLAIN NAAN","4","40.00","1","121.jpg","NAAN","1","1");
INSERT INTO food_demo VALUES("122","BUTTER NAAN","4","45.00","1","122.jpg","NAAN","1","1");
INSERT INTO food_demo VALUES("123","GARLIC NAAN","4","45.00","1","123.jpg","NAAN","1","1");
INSERT INTO food_demo VALUES("124","TAWA MASALA KULCHA ","4","50.00","1","124.jpg","TAWA MASALA KULCHA ","1","1");
INSERT INTO food_demo VALUES("125","PARATHA(ALOO/ONION/GOBI/MOOLI","4","125.00","1","125.jpg","PARATHA(ALOO/ONION/GOBI/MOOLI","1","1");
INSERT INTO food_demo VALUES("126","MIXED VEG PARTATHA","4","130.00","1","126.jpg","MIXED VEG PARTATHA","1","1");
INSERT INTO food_demo VALUES("127","PANEER STUFFED PARATHA ","4","135.00","1","127.jpg","PANEER STUFFED PARATHA ","1","1");
INSERT INTO food_demo VALUES("128","CHICKEN KEEMA PARATHA    ","4","150.00","1","128.jpg","CHICKEN KEEMA PARATHA    ","1","1");
INSERT INTO food_demo VALUES("129","CHILLI POTATO","5","160.00","1","129.jpg","CHILLI POTATO","1","1");
INSERT INTO food_demo VALUES("130","CHILLI PANEER","5","175.00","1","130.jpg","CHILLI PANEER","1","1");
INSERT INTO food_demo VALUES("131","CHILLI BABYCORN","5","175.00","1","131.jpg","CHILLI BABYCORN","1","1");
INSERT INTO food_demo VALUES("132","CHILLI MUSHROOM","5","175.00","1","132.jpg","CHILLI MUSHROOM","1","1");
INSERT INTO food_demo VALUES("133","VEG SWEET N SOUR ","5","165.00","1","133.jpg","VEG SWEET N SOUR ","1","1");
INSERT INTO food_demo VALUES("134","VEG MANCHURIAN  ","5","165.00","1","134.jpg","VEG MANCHURIAN  ","1","1");
INSERT INTO food_demo VALUES("135","PANEER MANCHURIA","5","175.00","1","135.jpg","PANEER MANCHURIA","1","1");
INSERT INTO food_demo VALUES("136","CHICKEN MUNCHURIA","5","180.00","1","136.jpg","CHICKEN MUNCHURIA","1","1");
INSERT INTO food_demo VALUES("137","GARLIC CHICKEN","5","190.00","1","137.jpg","GARLIC CHICKEN","1","1");
INSERT INTO food_demo VALUES("138","GINGER CHICKEN","5","180.00","1","138.jpg","GINGER CHICKEN","1","1");
INSERT INTO food_demo VALUES("139","SWEET N SOUR CHICKEN  ","5","180.00","1","139.jpg","SWEET N SOUR CHICKEN  ","1","1");
INSERT INTO food_demo VALUES("140","SZECHUAN CHICKEN","5","185.00","1","140.jpg","SZECHUAN CHICKEN","1","1");
INSERT INTO food_demo VALUES("141","CHICKEN WITH VEG MUSHROOM ","5","185.00","1","141.jpg","CHICKEN WITH VEG MUSHROOM ","1","1");
INSERT INTO food_demo VALUES("142","CHILLI FISH","5","190.00","1","142.jpg","CHILLI FISH","1","1");
INSERT INTO food_demo VALUES("143","FISH MUNCHURIA","5","190.00","1","143.jpg","FISH MUNCHURIA","1","1");
INSERT INTO food_demo VALUES("144","GARLIC FISH","5","195.00","1","144.jpg","GARLIC FISH","1","1");
INSERT INTO food_demo VALUES("145","SZECHUAN FISH","5","195.00","1","145.jpg","SZECHUAN FISH","1","1");
INSERT INTO food_demo VALUES("146","CHILLI PRAWN","5","210.00","1","146.jpg","CHILLI PRAWN","1","1");
INSERT INTO food_demo VALUES("147","GARLIC PRAWN ","5","210.00","1","147.jpg","GARLIC PRAWN ","1","1");
INSERT INTO food_demo VALUES("148","PRAWN MUNCHURIAN     ","5","210.00","1","148.jpg","PRAWN MUNCHURIAN     ","1","1");
INSERT INTO food_demo VALUES("149","VEG CLEAR SOUP","5","140.00","1","149.jpg","SOUPSVEG CLEAR SOUP","1","1");
INSERT INTO food_demo VALUES("150","CHICKEN CLEAR SOUP","5","145.00","1","150.jpg","CHICKEN CLEAR SOUP","1","1");
INSERT INTO food_demo VALUES("151","VEG HOT N SOUR SOUP  ","5","150.00","1","151.jpg","VEG HOT N SOUR SOUP  ","1","1");
INSERT INTO food_demo VALUES("152","CHICKEN HOT N SOUR SOUP  ","5","160.00","1","152.jpg","CHICKEN HOT N SOUR SOUP  ","1","1");
INSERT INTO food_demo VALUES("153","VEG MUSHROOM SOUP","5","150.00","1","153.jpg","VEG MUSHROOM SOUP","1","1");
INSERT INTO food_demo VALUES("154","CHICKEN EGG MUSHROOM ","5","160.00","1","154.jpg","CHICKEN EGG MUSHROOM ","1","1");
INSERT INTO food_demo VALUES("155","VEG SWEET CORN","5","150.00","1","155.jpg","VEG SWEET CORN","1","1");
INSERT INTO food_demo VALUES("156","CHICKEN SWEET CORN SOUP","5","160.00","1","156.jpg","CHICKEN SWEET CORN SOUP","1","1");
INSERT INTO food_demo VALUES("157","SCOOP SPECIAL VEG","5","160.00","1","157.jpg","SCOOP SPECIAL VEG","1","1");
INSERT INTO food_demo VALUES("158","NON-VEG SOUP","5","170.00","1","158.jpg","NON-VEG SOUP","1","1");
INSERT INTO food_demo VALUES("159","VEG FRIED RICE","5","150.00","1","159.jpg","VEG FRIED RICE","1","1");
INSERT INTO food_demo VALUES("160","VEG GINGER CAPSICUM FRIED RIC","5","160.00","1","160.jpg","VEG GINGER CAPSICUM FRIED RIC","1","1");
INSERT INTO food_demo VALUES("161","VEG SZECHUAN FRIED RICE","5","160.00","1","161.jpg","VEG SZECHUAN FRIED RICE","1","1");
INSERT INTO food_demo VALUES("162","CHILLI GARLIC FRIED RIC","5","160.00","1","162.jpg","CHILLI GARLIC FRIED RIC","1","1");
INSERT INTO food_demo VALUES("163","STEAMED RICE WITH VEG  ","5","165.00","1","163.jpg","STEAMED RICE WITH VEG  ","1","1");
INSERT INTO food_demo VALUES("164","EGG FRIED RICE","5","160.00","1","164_1611717406.jpg","EGG FRIED RICE","1","1");
INSERT INTO food_demo VALUES("165","CHICKEN FRIED RIC","5","165.00","1","165.jpg","CHICKEN FRIED RIC","1","1");
INSERT INTO food_demo VALUES("166","MIXED FRIED RIC","5","175.00","1","166.jpg","MIXED FRIED RIC","1","1");
INSERT INTO food_demo VALUES("167","SZECHUAN MIXED FRIED RIC","5","180.00","1","167.jpg","SZECHUAN MIXED FRIED RIC","1","1");
INSERT INTO food_demo VALUES("168","STEAMED RICE WITH CHICKEN N VEG ","5","185.00","1","168.jpg","STEAMED RICE WITH CHICKEN N VEG ","1","1");
INSERT INTO food_demo VALUES("169","VEG NOODLES - HAKKA","5","150.00","1","169.jpg","VEG NOODLES - HAKKA","1","1");
INSERT INTO food_demo VALUES("170","VEG NOODLES - GRAVY","5","160.00","1","170.jpg","VEG NOODLES - GRAVY","1","1");
INSERT INTO food_demo VALUES("171","CHILLI GARLIC HAKKA NOODLES","5","160.00","1","171.jpg","CHILLI GARLIC HAKKA NOODLES","1","1");
INSERT INTO food_demo VALUES("172","SZECHUAN VEG NOODLES","5","160.00","1","172.jpg","SZECHUAN VEG NOODLES","1","1");
INSERT INTO food_demo VALUES("173","VEG CANTON NOODLES WITH GRAVY ","5","165.00","1","173.jpg","VEG CANTON NOODLES WITH GRAVY ","1","1");
INSERT INTO food_demo VALUES("174","EGG NOODLES - HAKKA","5","150.00","1","174.jpg","EGG NOODLES - HAKKA","1","1");
INSERT INTO food_demo VALUES("175","EGG NOODLES - GRAVY","5","160.00","1","175.jpg","EGG NOODLES - GRAVY","1","1");
INSERT INTO food_demo VALUES("176","CHICKEN NOODLES - HAKKA","5","160.00","1","176.jpg","CHICKEN NOODLES - HAKKA","1","1");
INSERT INTO food_demo VALUES("177","CHICKEN NOODLES- GRAVY","5","170.00","1","177.jpg","CHICKEN NOODLES- GRAVY","1","1");
INSERT INTO food_demo VALUES("178","MIXED NOODLES - HAKKA","5","170.00","1","178.jpg","MIXED NOODLES - HAKKA","1","1");
INSERT INTO food_demo VALUES("179","MIXED NOODLES - GRAVY","5","180.00","1","179.jpg","MIXED NOODLES - GRAVY","1","1");
INSERT INTO food_demo VALUES("180","SZECHUAN CHICKEN NOODLES","5","170.00","1","180.jpg","SZECHUAN CHICKEN NOODLES","1","1");
INSERT INTO food_demo VALUES("181","CHILLI GARLIC/SZECHUAN MIXED NOODLES ","5","170.00","1","181.jpg","CHILLI GARLIC/SZECHUAN MIXED NOODLES ","1","1");
INSERT INTO food_demo VALUES("182","CHILLI CHEESE TOAST","6","130.00","1","182.jpg","CHILLI CHEESE TOAST","1","1");
INSERT INTO food_demo VALUES("183","CHEESE GARLIC BREAD","6","130.00","1","183.jpg","CHEESE GARLIC BREAD","1","1");
INSERT INTO food_demo VALUES("184","GRILLED VEGGIE FARMHOUSE SANDWICH","6","140.00","1","184.jpg","GRILLED VEGGIE FARMHOUSE SANDWICH","1","1");
INSERT INTO food_demo VALUES("185","CHEESE CORN SANDWICH","6","140.00","1","185.jpg","CHEESE CORN SANDWICH","1","1");
INSERT INTO food_demo VALUES("186","PANEER TIKKA SANDWICH","6","145.00","1","186.jpg","PANEER TIKKA SANDWICH","1","1");
INSERT INTO food_demo VALUES("187","BOMBAY GRILLED SANDWICH","6","160.00","1","187.jpg","BOMBAY GRILLED SANDWICH","1","1");
INSERT INTO food_demo VALUES("188","VEGGIE CLUB SANDWICH","6","170.00","1","188.jpg","VEGGIE CLUB SANDWICH","1","1");
INSERT INTO food_demo VALUES("189","CHICKEN MAYO SANDWICH (PLAIN","6","120.00","1","189.jpg","CHICKEN MAYO SANDWICH (PLAIN","1","1");
INSERT INTO food_demo VALUES("190","CHICKEN GRILLED SANDWICH","6","140.00","1","190.jpg","CHICKEN GRILLED SANDWICH","1","1");
INSERT INTO food_demo VALUES("191","CHICKEN AND CORN GRILLED SANDWICH","6","145.00","1","191.jpg","CHICKEN AND CORN GRILLED SANDWICH","1","1");
INSERT INTO food_demo VALUES("192","CHICKEN AND MUSHROOM GRILLED SANDWICH ","6","145.00","1","192_1611799950.jpg","CHICKEN AND MUSHROOM GRILLED SANDWICH ","1","1");
INSERT INTO food_demo VALUES("193","CHICKEN AND EGG GRILLED SANDWICH","6","145.00","1","193.jpg","CHICKEN AND EGG GRILLED SANDWICH","1","1");
INSERT INTO food_demo VALUES("194","CHICKEN TIKKA GRILLED SANDWICH","6","145.00","1","194.jpg","CHICKEN TIKKA GRILLED SANDWICH","1","1");
INSERT INTO food_demo VALUES("195","CHICKEN CLUB SANDWICH","6","180.00","1","195.jpg","CHICKEN CLUB SANDWICH","1","1");
INSERT INTO food_demo VALUES("196","CHICKEN BURGER","6","140.00","1","196.jpg","CHICKEN BURGER","1","1");
INSERT INTO food_demo VALUES("197","VEG BURGER","6","130.00","1","197.jpg","VEG BURGER","1","1");
INSERT INTO food_demo VALUES("198","MARGARITA PIZZA(CHEESE) (8 INCHES)","6","180.00","1","198.jpg","MARGARITA PIZZA(CHEESE) (8 INCHES)","1","1");
INSERT INTO food_demo VALUES("199","CHEESE ONION CAPSICUM PIZZA","6","200.00","1","199.jpg","CHEESE ONION CAPSICUM PIZZA","1","1");
INSERT INTO food_demo VALUES("200","PANEER TIKKA PIZZA ","6","210.00","1","200.jpg","PANEER TIKKA PIZZA ","1","1");
INSERT INTO food_demo VALUES("201","CHICKEN TIKKA PIZZA ","6","230.00","1","201.jpg","CHICKEN TIKKA PIZZA ","1","1");
INSERT INTO food_demo VALUES("202","CHICKEN PIZZA","6","220.00","1","202.jpg","CHICKEN PIZZA","1","1");
INSERT INTO food_demo VALUES("203","SCOOP SPECIAL VEG PIZZA","6","230.00","1","203.jpg","SCOOP SPECIAL VEG PIZZA","1","1");
INSERT INTO food_demo VALUES("204","SCOOP SPECIAL NON VEG PIZZA ","6","250.00","1","204.jpg","SCOOP SPECIAL NON VEG PIZZA ","1","1");
INSERT INTO food_demo VALUES("205","PENNE/MACARONI PASTA VEG SAUCE OF YOUR CHOICE","6","175.00","1","205.jpg","PENNE/MACARONI PASTA VEG SAUCE OF YOUR CHOICE","1","1");
INSERT INTO food_demo VALUES("206","PENNE/MACARONI PASTA NON - VEG SAUCE OF YOUR CHOICE","6","185.00","1","206.jpg","PENNE/MACARONI PASTA NON - VEG SAUCE OF YOUR CHOICE","1","1");
INSERT INTO food_demo VALUES("207","SCOOP SPECIAL PASTA VEG SAUCE OF YOUR TYPE","6","190.00","1","207.jpg","SCOOP SPECIAL PASTA VEG SAUCE OF YOUR TYPE","1","1");
INSERT INTO food_demo VALUES("208","SCOOP SPECIAL PASTA NON-VEG SAUCE OF YOUR TYPE","6","200.00","1","208.jpg","SCOOP SPECIAL PASTA NON-VEG SAUCE OF YOUR TYPE","1","1");
INSERT INTO food_demo VALUES("209","CHELLO KEBAB VEG","6","250.00","1","209.jpg","BUTTER RICE SERVED WITH PANEER TIKKA, FRENCH FRY, CUTLET AND SALAD","1","1");
INSERT INTO food_demo VALUES("210","PANEER STEAK","6","250.00","1","210.jpg","GRILLED CREAMY PANEER IN STEAK SAUCE, SERVED WITH HERB RICE &ASSORTED VEGGIES","1","1");
INSERT INTO food_demo VALUES("211","VEG SIZZLER","6","250.00","1","211.jpg","VEG SIZZLER","1","1");
INSERT INTO food_demo VALUES("212","VEG AU GRATIN","6","250.00","1","212.jpg","VEG AU GRATIN","1","1");
INSERT INTO food_demo VALUES("213","VEG SUPREME BAKED","6","275.00","1","213.jpg","VEG SUPREME BAKED","1","1");
INSERT INTO food_demo VALUES("214","VEG ENCHILADAS","6","275.00","1","214.jpg","CREAMY VEG STUFFED IN THIN CRAPES,TOPPED WITH TOMATO CONCASSE SERVED WITH GARLIC BREAD","1","1");
INSERT INTO food_demo VALUES("215","CHELLO KEBAB NON VEG","6","280.00","1","215_1611722351.jpg","BUTTER RICE SERVED WITH KEBABS,FRIED FISH,POACHED EGG AND SALAD","1","1");
INSERT INTO food_demo VALUES("216","CHICKEN SIZZLE","6","285.00","1","216.jpg","CHICKEN SIZZLE","1","1");
INSERT INTO food_demo VALUES("217","CHICKEN STEAK ","6","285.00","1","217.jpg","SERVED WITH SAUTED VEG &HERB RICE/GARLIC BREAD","1","1");
INSERT INTO food_demo VALUES("218","GRILLED CHICKE","6","260.00","1","218.jpg","SERVED WITH FRIES AND CRISPY FRIED ASSORTED VEGGIES IN HONEY MUSTARD SAUC","1","1");
INSERT INTO food_demo VALUES("219","CHICKEN STROGANOFF","6","260.00","1","219.jpg","BUTTERED CHICKEN WITH MUSHROOM &BELL PEPPER TOSSED IN BROWN SAUCE, SERVED WITH RICE","1","1");
INSERT INTO food_demo VALUES("220","CHICKEN SUPREME BAKED","6","280.00","1","220.jpg","BAKED CHICKEN IN WHITE CREAMY SAUCE, SERVED WITH GARLIC BREAD","1","1");
INSERT INTO food_demo VALUES("221","CHICKEN ENCHILADAS","6","295.00","1","221_1611722939.jpg","CREAMY CHICKEN STUFFED IN THIN CRAPES,TOPPED WITH TOMATO CONCASSE SERVED WITH GARLIC BREAD","1","1");
INSERT INTO food_demo VALUES("222","BARBEQUE JERK CHICKEN","6","100.00","1","222.jpg","ROASTED CHICKEN IN BARBEQUE JERK SAUCE, SERVED WITH GARLIC BREAD","1","1");
INSERT INTO food_demo VALUES("223","FRENCH GRILLED FISH ","6","295.00","1","223.jpg","GRILLED FISH IN LEMON BUTTER SAUCE, SERVED WITH HERB RICE & ASSORTED VEGGIES","1","1");
INSERT INTO food_demo VALUES("224","FISH SUPREME BAKED ","6","295.00","1","224.jpg","BAKED FISH IN WHITE CREAMY SAUCE, SERVED WITH GARLIC BREAD","1","1");
INSERT INTO food_demo VALUES("225","MOON MAGIC ","8","210.00","1","225_1611799914.jpg","( TWO SCOOPS OF CHOCOLATE ICE CREAM &
1 SCOOP OF BUTTERSCOTCH ICE CREAM,
TOPPED WITH CHOCOLATE SAUCE,
CASHEW NUTS & ALMONDS)","0","1");
INSERT INTO food_demo VALUES("226","PINK AFFAIR","8","210.00","1","226_1611799926.jpg","( TWO SCOOPS OF STRAWBERRY ICE CREAM &
1 SCOOP OF VANILLA ICE CREAM,
TOPPED WITH STRAWBERRY SAUCE)
","0","1");
INSERT INTO food_demo VALUES("227","ESPRESSO","7","75.00","1","227.jpg","ESPRESSO","1","1");
INSERT INTO food_demo VALUES("228","CAFE LATTE","7","90.00","1","228.jpg","CAFE LATTE","1","1");
INSERT INTO food_demo VALUES("229","CAPPUCINO","7","90.00","1","229.jpg","CAPPUCINO","1","1");
INSERT INTO food_demo VALUES("230","CHOCO COOKIE/IRISH/HAZEL-NUT LATTE ","7","100.00","1","230.jpg","CHOCO COOKIE/IRISH/HAZEL-NUT LATTE ","1","1");
INSERT INTO food_demo VALUES("231","HOT CHOCOLATE","7","95.00","1","231.jpg","HOT CHOCOLATE","1","1");
INSERT INTO food_demo VALUES("232","PLAIN/MASALA/GREEN/ASSAM/ DARJEELING/ LEMON TEA 	","7","50.00","1","232.jpg","PLAIN/MASALA/GREEN/ASSAM/
DARJEELING/ LEMON TEA 	","1","1");
INSERT INTO food_demo VALUES("233","LASSI(SWEET/SALT) ","8","120.00","1","233.jpg","LASSI(SWEET/SALT) ","1","1");
INSERT INTO food_demo VALUES("234","ROSE/MANGO/STRAWBERRY/KIWI/PINAPPLE/ GREEN APPLE","7","130.00","1","234.jpg","ROSE/MANGO/STRAWBERRY/KIWI/PINAPPLE/
GREEN APPLE","1","1");
INSERT INTO food_demo VALUES("235","ICED CAPPUCCINO ","7","140.00","1","235.jpg","ICED CAPPUCCINO ","1","1");
INSERT INTO food_demo VALUES("236","CHILLI POTATO","5","160.00","1","236.jpg","CHILLI POTATO","1","1");
INSERT INTO food_demo VALUES("237","CHILLI PANEER","5","175.00","1","237.jpg","CHILLI PANEER","1","1");
INSERT INTO food_demo VALUES("238","CHILLI BABYCORN","5","175.00","1","238_1612234854.jpg","CHILLI BABYCORN","1","1");
INSERT INTO food_demo VALUES("239","CHILLI MUSHROOM ","5","175.00","1","239.jpg","CHILLI MUSHROOM ","1","1");
INSERT INTO food_demo VALUES("240","VEG SWEET N SOUR","5","165.00","1","240.jpg","VEG SWEET N SOUR","1","1");
INSERT INTO food_demo VALUES("241","VEG MANCHURIAN","5","165.00","1","241.jpg","VEG MANCHURIAN","1","1");
INSERT INTO food_demo VALUES("242","PANEER MANCHURIAN","5","175.00","1","242.jpg","PANEER MANCHURIAN","1","1");
INSERT INTO food_demo VALUES("243","CHILLI CHICKEN ","5","180.00","1","243.jpg","CHILLI CHICKEN ","1","1");
INSERT INTO food_demo VALUES("244","CHICKEN MUNCHURIAN ","5","180.00","1","244.jpg","CHICKEN MUNCHURIAN ","1","1");
INSERT INTO food_demo VALUES("245","GARLIC CHICKEN","5","190.00","1","245.jpg","GARLIC CHICKEN","1","1");
INSERT INTO food_demo VALUES("246","GINGER CHICKEN","5","180.00","1","246.jpg","GINGER CHICKEN","1","1");
INSERT INTO food_demo VALUES("247","SWEET N SOUR CHICKEN","5","180.00","1","247.jpg","SWEET N SOUR CHICKEN","1","1");
INSERT INTO food_demo VALUES("248","SZECHUAN CHICKEN ","5","180.00","1","248.jpg","SZECHUAN CHICKEN ","1","1");
INSERT INTO food_demo VALUES("249","CHICKEN WITH VEG MUSHROOM ","5","185.00","1","249.jpg","CHICKEN WITH VEG MUSHROOM ","1","1");
INSERT INTO food_demo VALUES("250","CHILLI FISH","5","190.00","1","250.jpg","CHILLI FISH","1","1");
INSERT INTO food_demo VALUES("251","FISH MUNCHURIAN ","5","190.00","1","251.jpg","FISH MUNCHURIAN ","1","1");
INSERT INTO food_demo VALUES("252","GARLIC FISH","5","195.00","1","252.jpg","GARLIC FISH","1","1");
INSERT INTO food_demo VALUES("253","SZECHUAN FISH ","5","195.00","1","253.jpg","SZECHUAN FISH ","1","1");
INSERT INTO food_demo VALUES("254","CHILLI PRAWN ","5","210.00","1","254.jpg","CHILLI PRAWN ","1","1");
INSERT INTO food_demo VALUES("255","GARLIC PRAWN ","5","210.00","1","255.jpg","GARLIC PRAWN ","1","1");
INSERT INTO food_demo VALUES("256","PRAWN MUNCHURIAN ","5","210.00","1","256.jpg","PRAWN MUNCHURIAN ","1","1");
INSERT INTO food_demo VALUES("257","THUNDERSTORM","9","190.00","1","257.jpg"," SOFTY VANILLA ICE CREAM WITH CHOCOLATE
CHIPS, BROWNIE, CASHEW NUTS & ALMONDS
TOPPED WITH RICH CHOCOLATE SAUCE ","1","1");
INSERT INTO food_demo VALUES("258","FRESH FRUITS","9","190.00","1","258.jpg","FRESH FRUITS","1","1");
INSERT INTO food_demo VALUES("259","DRY FRUITS","9","190.00","1","259.jpg"," SOFTY VANILLA ICE CREAM WITH CASHEW NUTS
ALMONDS & RESINS TOPPED WITH HONEY ","1","1");
INSERT INTO food_demo VALUES("260","AS YOU LIKE IT","8","210.00","1","260.jpg"," THREE SCOOPS OF ICE CREAM OF YOUR
CHOICE TOPPED WITH A SAUCE OF
YOUR CHOICE)","1","1");
INSERT INTO food_demo VALUES("261","TUTTY FRUITY","8","210.00","1","261_1612236487.jpg","( TWO SCOOPS OF TUTTY FRUITY ICE CREAM &
1 SCOOP OF VANILLA ICE CREAM, SERVED
WITH FRESH FRUITS","1","1");
INSERT INTO food_demo VALUES("262","DARK DESIRE","8","210.00","1","262.jpg"," THREE SCOOPS OF CHOCOLATE ICE CREAM,
TOPPED WITH CHOCOLATE CHIPS, BROWNIE &
CHOCOLATE SAUCE","1","1");
INSERT INTO food_demo VALUES("263","PINEAPPLE MANIA","8","210.00","1","263.jpg","TWO SCOOPS OF VANILLA ICE CREAM &
1 SCOOP OF PINEAPPLE ICE CREAM, TOPPED
WITH PINEAPPLE SAUCE & FRUITS","1","1");
INSERT INTO food_demo VALUES("264","BROWNIE WITH ICE-CREAM","8","210.00","1","264.jpg","( TOPPED WITH RICH CHOCOLATE SAUCE)","1","1");
INSERT INTO food_demo VALUES("265","ICED BLACK FOREST ","7","140.00","1","265.jpg","ICED BLACK FOREST ","1","1");
INSERT INTO food_demo VALUES("266","ICED CHOCOLATE ","7","130.00","1","266.jpg","ICED CHOCOLATE ","1","1");
INSERT INTO food_demo VALUES("267","MINT/GREEN APPLE/PEACH ICED TEA ","7","130.00","1","267.jpg","MINT/GREEN APPLE/PEACH ICED TEA ","1","1");
INSERT INTO food_demo VALUES("268","FRESH LIME SODA","7","90.00","1","268.jpg","FRESH LIME SODA","1","1");
INSERT INTO food_demo VALUES("269","GREEN APPLE/PEACH/STRAWBERRY/ 125.00 LEMON GINGER/KIWI/BLUE OCEAN SPARKLE","7","125.00","1","269.jpg","GREEN APPLE/PEACH/STRAWBERRY/ 125.00
LEMON GINGER/KIWI/BLUE OCEAN SPARKLE
","1","1");
INSERT INTO food_demo VALUES("270","LAIN MOJITO","9","125.00","1","270.jpg","LAIN MOJITO","1","1");
INSERT INTO food_demo VALUES("271","PASSION FRUIT/PEACH/GREEN APPLE MOJITO ","7","130.00","1","271.jpg","PASSION FRUIT/PEACH/GREEN APPLE MOJITO ","1","1");
INSERT INTO food_demo VALUES("272","CHOCO COOKIE/OREO/CHOCO COOKIE OREO/BANANA 140.00 CARAMEL/STRAWBERRY/KIWI/GREEN APPLE SHAKE","9","140.00","1","272.jpg","CHOCO COOKIE/OREO/CHOCO COOKIE OREO/BANANA 140.00
CARAMEL/STRAWBERRY/KIWI/GREEN APPLE SHAKE","1","1");
INSERT INTO food_demo VALUES("274","Egg ,cheese ,chicken Kebab Roll","10","90.00","1","274.jpg","Egg ,cheese ,chicken Kebab Roll","1","2");
INSERT INTO food_demo VALUES("275","Egg Chicken Kebab Roll","10","80.00","1","275.jpg","Egg Chicken Kebab Roll","1","2");
INSERT INTO food_demo VALUES("276","Chicken Cheese Kebab Roll","10","80.00","1","276.jpg","Chicken Cheese Kebab Roll","1","2");
INSERT INTO food_demo VALUES("277","Chicken Kabab Roll","10","70.00","1","277.jpg","Chicken Kabab Roll","1","2");
INSERT INTO food_demo VALUES("278","Veg Roll","10","55.00","1","278.jpg","Veg Roll","1","2");
INSERT INTO food_demo VALUES("279","Paneer Roll","10","60.00","1","279.jpg","Paneer Roll","1","2");
INSERT INTO food_demo VALUES("280","Egg Roll","10","60.00","1","280.jpg","Egg Roll","1","2");
INSERT INTO food_demo VALUES("281","Veg Wrap","10","115.00","1","281.jpg","Veg Wrap","1","2");
INSERT INTO food_demo VALUES("282","Grilled Paneer Wrap","10","130.00","1","282.jpg","Grilled Paneer Wrap","1","2");
INSERT INTO food_demo VALUES("283","Egg Mushroom Wrap","10","130.00","1","283.jpg","Egg Mushroom Wrap","1","2");
INSERT INTO food_demo VALUES("284","Grilled Chicken Wrap","10","150.00","1","284.jpg","Grilled Chicken Wrap","1","2");
INSERT INTO food_demo VALUES("285","Crispy Chilli Potato","10","160.00","1","285.jpg","Crispy Chilli Potato","1","2");
INSERT INTO food_demo VALUES("286","Veg Falafel Kabab","10","120.00","1","286.jpg","Veg Falafel Kabab","1","2");
INSERT INTO food_demo VALUES("287","Veg Cutlet","10","120.00","1","287.jpg","Veg Cutlet","1","2");
INSERT INTO food_demo VALUES("288","French Fries","10","80.00","1","288.jpg","French Fries","1","2");
INSERT INTO food_demo VALUES("289","Paneer Pakoda (6 Pcs)","10","150.00","1","289.jpg","Paneer Pakoda (6 Pcs)","1","2");
INSERT INTO food_demo VALUES("290","Cheese Corn Nuggets (6 Pcs)","10","140.00","1","290.jpg","Cheese Corn Nuggets (6 Pcs)","1","2");
INSERT INTO food_demo VALUES("291","Crispy Chilli Babycorn (dry)","10","170.00","1","291.jpg","Crispy Chilli Babycorn (dry)","1","2");
INSERT INTO food_demo VALUES("292","Chilli Garlic Potato Shots","10","120.00","1","292.jpg","Chilli Garlic Potato Shots","1","2");
INSERT INTO food_demo VALUES("293","Chilli Mushroom Golden Fried","10","180.00","1","293.jpg","Chilli Mushroom Golden Fried","1","2");
INSERT INTO food_demo VALUES("294","Chola Bhatura","10","150.00","1","294.jpg","Chola Bhatura","1","2");
INSERT INTO food_demo VALUES("295","Pav Bhaji","10","120.00","1","295.jpg","Pav Bhaji","1","2");
INSERT INTO food_demo VALUES("296","Vada Pav (2 Pcs)","10","90.00","1","296.jpg","Vada Pav (2 Pcs)","1","2");
INSERT INTO food_demo VALUES("297","Chicken Reshmi Kebab","10","190.00","1","297.jpg","Chicken Reshmi Kebab","1","2");
INSERT INTO food_demo VALUES("298","Chicken Wings","10","150.00","1","298.jpg","Chicken Wings","1","2");
INSERT INTO food_demo VALUES("299","Chicken Fries","10","150.00","1","299.jpg","Chicken Fries","1","2");
INSERT INTO food_demo VALUES("300","Chicken Pakoda","10","160.00","1","300.jpg","Chicken Pakoda","1","2");
INSERT INTO food_demo VALUES("301","Chicken Popcorn","10","130.00","1","301.jpg","Chicken Popcorn","1","2");
INSERT INTO food_demo VALUES("302","Chicken Cutlet","10","160.00","1","302.jpg","Chicken Cutlet","1","2");
INSERT INTO food_demo VALUES("303","Chicken Nuggets","10","150.00","1","303.jpg","Chicken Nuggets","1","2");
INSERT INTO food_demo VALUES("304","Chicken Sausages","10","150.00","1","304.jpg","Chicken Sausages","1","2");
INSERT INTO food_demo VALUES("305","Fried Chicken Strips With Fries","10","190.00","1","305.jpg","Fried Chicken Strips With Fries","1","2");
INSERT INTO food_demo VALUES("306","Pan Fried Chicken","10","180.00","1","306.jpg","Pan Fried Chicken","1","2");
INSERT INTO food_demo VALUES("307","Pepper Garlic Chicken","10","180.00","1","307.jpg","Pepper Garlic Chicken","1","2");
INSERT INTO food_demo VALUES("308","Crispy Fried Chicken","10","180.00","1","308.jpg","Crispy Fried Chicken","1","2");
INSERT INTO food_demo VALUES("309","Chicken Tikka Kebab","10","200.00","1","309.jpg","Chicken Tikka Kebab","1","2");
INSERT INTO food_demo VALUES("310","Fish Fingers With Fries (6 Pcs)","10","200.00","1","310.jpg","Fish Fingers With Fries (6 Pcs)","1","2");
INSERT INTO food_demo VALUES("311","Fish And Chips With Fries And Tarted Sauce","10","200.00","1","311.jpg","Fish And Chips With Fries And Tarted Sauce","1","2");
INSERT INTO food_demo VALUES("312","Pan Fried Fish","10","230.00","1","312.jpg","Pan Fried Fish","1","2");
INSERT INTO food_demo VALUES("313","Chicken Panco Momo","10","150.00","1","313.jpg","Chicken Panco Momo","1","2");
INSERT INTO food_demo VALUES("314","Veg Panco Momo","10","140.00","1","314.jpg","Veg Panco Momo","1","2");
INSERT INTO food_demo VALUES("315","Chicken Momo","10","120.00","1","315.jpg","Chicken Momo","1","2");
INSERT INTO food_demo VALUES("316","Veg Momo","10","105.00","1","316.jpg","Veg Momo","1","2");
INSERT INTO food_demo VALUES("317","Veg Navratna Thali","10","185.00","1","317.jpg","Veg Navratna Thali","1","2");
INSERT INTO food_demo VALUES("318","Paneer Tikka Thali","11","185.00","1","318.jpg","Paneer Tikka Thali","1","2");
INSERT INTO food_demo VALUES("319","Scoop Special Veg Thali","11","230.00","1","319.jpg","Scoop Special Veg Thali","1","2");
INSERT INTO food_demo VALUES("320","Chicken Tikka Thali","11","195.00","1","320.jpg","Chicken Tikka Thali","1","2");
INSERT INTO food_demo VALUES("321","Chicken Reshmi Butter Masala Thali","11","195.00","1","321.jpg","Chicken Reshmi Butter Masala Thali","1","2");
INSERT INTO food_demo VALUES("322","Chicken Butter Masala Thali","11","195.00","1","322.jpg","Chicken Butter Masala Thali","1","2");
INSERT INTO food_demo VALUES("323","Scoop Special Non Veg Thali","11","250.00","1","323.jpg","Scoop Special Non Veg Thali","1","2");
INSERT INTO food_demo VALUES("324","Veg Noodles Combo","11","165.00","1","324.jpg","Veg Noodles Combo","1","2");
INSERT INTO food_demo VALUES("325","Veg Fried Rice Combo","12","175.00","1","325.jpg","Veg Fried Rice Combo","1","2");
INSERT INTO food_demo VALUES("326","Veg Chinese Sizzler","12","250.00","1","326.jpg","Veg Chinese Sizzler","1","2");
INSERT INTO food_demo VALUES("327","Chicken Noodles Combo","12","175.00","1","327.jpg","Chicken Noodles Combo","1","2");
INSERT INTO food_demo VALUES("328","Chicken Rice Combo","12","185.00","1","328.jpg","Chicken Rice Combo","1","2");
INSERT INTO food_demo VALUES("329","Non Veg Chinese Sizzler","12","290.00","1","329.jpg","Non Veg Chinese Sizzler","1","2");
INSERT INTO food_demo VALUES("330","Veg Jalfrezi","12","100.00","1","330.jpg","Veg Jalfrezi","1","2");
INSERT INTO food_demo VALUES("331","Malai Kofta - Half","13","100.00","1","331.jpg","Malai Kofta","1","2");
INSERT INTO food_demo VALUES("332","Paneer Butter Masala- Half","13","100.00","1","332.jpg","Paneer Butter Masala","1","2");
INSERT INTO food_demo VALUES("333","Navratan Korma- Half","13","110.00","1","333.jpg","Navratan Korma","1","2");
INSERT INTO food_demo VALUES("334","Sahi Paneer- Half","13","110.00","1","334.jpg","Sahi Paneer","1","2");
INSERT INTO food_demo VALUES("335","Aloo Dum- Half","13","90.00","1","335.jpg","Aloo Dum","1","2");
INSERT INTO food_demo VALUES("336","Channa Masala- Half","13","95.00","1","336.jpg","Channa Masala","1","2");
INSERT INTO food_demo VALUES("337","Dal Makhani - Half","13","90.00","1","337.jpg","Dal Makhani ","1","2");
INSERT INTO food_demo VALUES("338","Yellow Dal Fry- Half","13","90.00","1","338.jpg","Yellow Dal Fry","1","2");
INSERT INTO food_demo VALUES("339","Chicken Reshmi Butter Masala- Half","13","120.00","1","339.jpg","Chicken Reshmi Butter Masala","1","2");
INSERT INTO food_demo VALUES("340","Chicken Tikka Masala- Half","13","120.00","1","340.jpg","Chicken Tikka Masala","1","2");
INSERT INTO food_demo VALUES("341","Chicken Butter Masala- Half","13","120.00","1","341.jpg","Chicken Butter Masala","1","2");
INSERT INTO food_demo VALUES("342","Chicken-do-pyaza- Half","13","120.00","1","342.jpg","Chicken-do-pyaza","1","2");
INSERT INTO food_demo VALUES("343","Chicken Bharta- Half","13","120.00","1","343.jpg","Chicken Bharta","1","2");
INSERT INTO food_demo VALUES("344","Veg Pulao- Half","13","85.00","1","344.jpg","Veg Pulao","1","2");
INSERT INTO food_demo VALUES("345","Peas Pulao- Half","13","80.00","1","345.jpg","Peas Pulao","1","2");
INSERT INTO food_demo VALUES("346","Malai Kofta - FULL","13","180.00","1","331.jpg","Malai Kofta- FULL","1","2");
INSERT INTO food_demo VALUES("347","Paneer Butter Masala - FULL","13","180.00","1","332.jpg","Paneer Butter Masala- FULL","1","2");
INSERT INTO food_demo VALUES("348","Navratan Korma- FULL","13","185.00","1","333.jpg","Navratan Korma- FULL","1","2");
INSERT INTO food_demo VALUES("349","Sahi Paneer- FULL","13","180.00","1","334.jpg","Sahi Paneer- FULL","1","2");
INSERT INTO food_demo VALUES("350","Aloo Dum- FULL","13","140.00","1","335.jpg","Aloo Dum- FULL","1","2");
INSERT INTO food_demo VALUES("351","Channa Masala- FULL","13","155.00","1","336.jpg","Channa Masala- FULL","1","2");
INSERT INTO food_demo VALUES("352","Dal Makhani - FULL","13","140.00","1","337.jpg","Dal Makhani - FULL","1","2");
INSERT INTO food_demo VALUES("353","Yellow Dal Fry - FULL","13","140.00","1","338.jpg","Yellow Dal Fry- FULL","1","2");
INSERT INTO food_demo VALUES("354","Chicken Reshmi Butter Masala- FULL","13","210.00","1","339.jpg","Chicken Reshmi Butter Masala- FULL","1","2");
INSERT INTO food_demo VALUES("355","Chicken Tikka Masala- FULL","13","200.00","1","340.jpg","Chicken Tikka Masala- FULL","1","2");
INSERT INTO food_demo VALUES("356","Chicken Butter Masala- FULL","13","200.00","1","341.jpg","Chicken Butter Masala- FULL","1","2");
INSERT INTO food_demo VALUES("357","Chicken-do-pyaza - FULL","13","190.00","1","342.jpg","Chicken-do-pyaza- FULL","1","2");
INSERT INTO food_demo VALUES("358","Chicken Bharta","13","210.00","1","343.jpg","Chicken Bharta- FULL","1","2");
INSERT INTO food_demo VALUES("359","Veg Pulao- FULL","13","135.00","1","344.jpg","Veg Pulao- FULL","1","2");
INSERT INTO food_demo VALUES("360","Peas Pulao- FULL","13","120.00","1","345.jpg","Peas Pulao- FULL","1","2");
INSERT INTO food_demo VALUES("361","Veg Jalfrezi - HAlf","13","100.00","1","361.jpg","Veg Jalfrezi - HAlf","1","2");
INSERT INTO food_demo VALUES("362","Veg Jalfrezi - FULL","13","180.00","1","362.jpg","Veg Jalfrezi - FULL","1","2");
INSERT INTO food_demo VALUES("363","Jeera Rice - Half","13","75.00","1","363.jpg","Jeera Rice - Half","1","2");
INSERT INTO food_demo VALUES("364","Jeera Rice - FULL","13","120.00","1","364.jpg","Jeera Rice - FULL","1","2");
INSERT INTO food_demo VALUES("365","Steamed Rice -HALF","13","90.00","1","365.jpg","Steamed Rice -HALF","1","2");
INSERT INTO food_demo VALUES("366","Chicken Keema Paratha","13","150.00","1","366.jpg","Chicken Keema Paratha","1","2");
INSERT INTO food_demo VALUES("367","Veg Paratha","13","125.00","1","367.jpg","Veg Paratha","1","2");
INSERT INTO food_demo VALUES("368","Veg Paratha - Paneer ","13","135.00","1","368.jpg","Veg Paratha - Paneer ","1","2");
INSERT INTO food_demo VALUES("369","Veg Paratha - Mixed ","13","130.00","1","369.jpg","Veg Paratha - Mixed ","1","2");
INSERT INTO food_demo VALUES("370","Tawa Masala Kulcha","13","50.00","1","370.jpg","Tawa Masala Kulcha","1","2");
INSERT INTO food_demo VALUES("371","Naan - Plain","13","40.00","1","371.jpg","Naan - Plain","1","2");
INSERT INTO food_demo VALUES("372","Naan - Butter","13","45.00","1","372.jpg","Naan - Butter","1","2");
INSERT INTO food_demo VALUES("373","Naan - Garlic ","13","45.00","1","373.jpg","Naan - Garlic ","1","2");
INSERT INTO food_demo VALUES("374","Lacha Paratha","13","45.00","1","374.jpg","Lacha Paratha","1","2");
INSERT INTO food_demo VALUES("375","Chilli Cheese Toast","14","130.00","1","375.jpg","Chilli Cheese Toast","1","2");
INSERT INTO food_demo VALUES("376","Cheese Garlic Bread","14","130.00","1","376.jpg","Cheese Garlic Bread","1","2");
INSERT INTO food_demo VALUES("377","Grilled Veggie Farmhouse Sandwich","14","140.00","1","377.jpg","Grilled Veggie Farmhouse Sandwich","1","2");
INSERT INTO food_demo VALUES("378","Veg Grilled Coleshaw Sandwich","14","140.00","1","378.jpg","Veg Grilled Coleshaw Sandwich","1","2");
INSERT INTO food_demo VALUES("379","Cheese Corn Sandwich","14","140.00","1","379.jpg","Cheese Corn Sandwich","1","2");
INSERT INTO food_demo VALUES("380","Paneer Tikka Sandwich","14","145.00","1","380.jpg","Paneer Tikka Sandwich","1","2");
INSERT INTO food_demo VALUES("381","Bombay Grilled Sandwich","14","160.00","1","381.jpg","Bombay Grilled Sandwich","1","2");
INSERT INTO food_demo VALUES("382","Veggie Club Sandwich","14","170.00","1","382.jpg","Veggie Club Sandwich","1","2");
INSERT INTO food_demo VALUES("383","Chicken Mayo Sandwich","14","120.00","1","383.jpg","Chicken Mayo Sandwich","1","2");
INSERT INTO food_demo VALUES("384","Chicken Grilled Sandwich","14","140.00","1","384.jpg","Chicken Grilled Sandwich","1","2");
INSERT INTO food_demo VALUES("385","Chicken Corn Grilled Sandwich","14","145.00","1","385.jpg","Chicken Corn Grilled Sandwich","1","2");
INSERT INTO food_demo VALUES("386","Chicken Mushroon Grilled Sandwich","14","145.00","1","386.jpg","Chicken Mushroon Grilled Sandwich","1","2");
INSERT INTO food_demo VALUES("387","Chicken Egg Grilled Sandwich","14","145.00","1","386.jpg","Chicken Egg Grilled Sandwich","1","2");
INSERT INTO food_demo VALUES("388","Chicken Tikka Grilled Sandwich","14","145.00","1","386.jpg","Chicken Tikka Grilled Sandwich","1","2");
INSERT INTO food_demo VALUES("389","Chicken Club Sandwich","14","180.00","1","386.jpg","Chicken Club Sandwich","1","2");
INSERT INTO food_demo VALUES("390","Veg Burger","14","130.00","1","386.jpg","Veg Burger","1","2");
INSERT INTO food_demo VALUES("391","Chicken Burger","14","140.00","1","386.jpg","Chicken Burger","1","2");
INSERT INTO food_demo VALUES("392","Cheese Onion Capsicum Pizza","14","200.00","1","386.jpg","Cheese Onion Capsicum Pizza","1","2");
INSERT INTO food_demo VALUES("393","Margarita Pizza","14","180.00","1","386.jpg","Margarita Pizza","1","2");
INSERT INTO food_demo VALUES("394","Paneer Tikka Pizza","14","210.00","1","386.jpg","Paneer Tikka Pizza","1","2");
INSERT INTO food_demo VALUES("395","Scoop Special Veg Pizza","14","230.00","1","386.jpg","Scoop Special Veg Pizza","1","2");
INSERT INTO food_demo VALUES("396","Chicken Tikka Pizza","14","230.00","1","386.jpg","Chicken Tikka Pizza","1","2");
INSERT INTO food_demo VALUES("397","Chicken Pizza","14","220.00","1","386.jpg","Chicken Pizza","1","2");
INSERT INTO food_demo VALUES("398","Scoop Special Non Veg Pizza","14","250.00","1","386.jpg","Scoop Special Non Veg Pizza","1","2");
INSERT INTO food_demo VALUES("399","Penne Pasta","14","175.00","1","386.jpg","Penne Pasta","1","2");
INSERT INTO food_demo VALUES("400","Macaroni Pasta -VEG","14","175.00","1","386.jpg","Macaroni Pasta -VEG","1","2");
INSERT INTO food_demo VALUES("401","Macaroni Pasta - NON VEG","14","185.00","1","386.jpg","Macaroni Pasta - NON VEG","1","2");
INSERT INTO food_demo VALUES("402","Penne Pasta NON-VEG","14","185.00","1","386.jpg","Penne Pasta","1","2");
INSERT INTO food_demo VALUES("403","Scoop Special Pasta - VEG","14","190.00","1","386.jpg","Scoop Special Pasta - VEG","1","2");
INSERT INTO food_demo VALUES("404","Scoop Special Pasta - NON VEG","14","200.00","1","386.jpg","Scoop Special Pasta - NON VEG","1","2");
INSERT INTO food_demo VALUES("405","Chelo Kebab","14","250.00","1","386.jpg","Chelo Kebab","1","2");
INSERT INTO food_demo VALUES("406","Veg Sizzlers","14","250.00","1","386.jpg","Veg Sizzlers","1","2");
INSERT INTO food_demo VALUES("407","Paneer Steak","14","250.00","1","386.jpg","Paneer Steak","1","2");
INSERT INTO food_demo VALUES("408","Veggie Au Gratin","14","250.00","1","386.jpg","Veggie Au Gratin","1","2");
INSERT INTO food_demo VALUES("409","Veg Supreme Baked","14","250.00","1","386.jpg","Veg Supreme Baked","1","2");
INSERT INTO food_demo VALUES("410","Veg Enchilada","14","275.00","1","386.jpg","Veg Enchilada","1","2");
INSERT INTO food_demo VALUES("411","Veg Enchiladas","14","275.00","1","386.jpg","Veg Enchiladas","1","2");
INSERT INTO food_demo VALUES("412","Chicken Sizzler","14","295.00","1","386.jpg","Chicken Sizzler","1","2");
INSERT INTO food_demo VALUES("413","Chicken Steak","14","295.00","1","386.jpg","Chicken Steak","1","2");
INSERT INTO food_demo VALUES("414","Grilled Chicken","14","285.00","1","386.jpg","Grilled Chicken","1","2");
INSERT INTO food_demo VALUES("415","Chicken Stroganoff","14","280.00","1","386.jpg","Chicken Stroganoff","1","2");
INSERT INTO food_demo VALUES("416","Chicken Supreme Baked","14","280.00","1","386.jpg","Chicken Supreme Baked","1","2");
INSERT INTO food_demo VALUES("417","Barbeque Jerk Chicken","14","100.00","1","386.jpg","Barbeque Jerk Chicken","1","2");
INSERT INTO food_demo VALUES("418","Fish Supreme Baked","14","295.00","1","386.jpg","Fish Supreme Baked","1","2");
INSERT INTO food_demo VALUES("419","Scoop Special Soup - Veg","15","160.00","1","386.jpg","Scoop Special Soup veg","1","2");
INSERT INTO food_demo VALUES("420","Scoop Special Soup - Non Veg","15","170.00","1","386.jpg","Scoop Special Soup - Non Veg","1","2");
INSERT INTO food_demo VALUES("421","Sweet Corn Soup - VEG","15","150.00","1","386.jpg","Sweet Corn Soup","1","2");
INSERT INTO food_demo VALUES("422","Sweet Corn Soup - Chicken ","15","160.00","1","386.jpg","Sweet Corn Soup","1","2");
INSERT INTO food_demo VALUES("423","Mushroom Soup - VEG","15","150.00","1","386.jpg","Mushroom Soup","1","2");
INSERT INTO food_demo VALUES("424","Mushroom Soup - Chicken N Egg","15","160.00","1","386.jpg","Chicken N Egg","1","2");
INSERT INTO food_demo VALUES("425","Hot N Sour Soup - VEG","15","150.00","1","386.jpg","Hot N Sour Soup","1","2");
INSERT INTO food_demo VALUES("426","Hot N Sour Soup - Chicken ","15","160.00","1","386.jpg","Hot N Sour Soup","1","2");
INSERT INTO food_demo VALUES("427","Clear Soup - VEG","15","140.00","1","386.jpg","Clear Soup","1","2");
INSERT INTO food_demo VALUES("428","Clear Soup - Chicken ","15","145.00","1","386.jpg","Clear Soup","1","2");
INSERT INTO food_demo VALUES("429","Steamed Rice With Veggies ","15","165.00","1","386.jpg","Steamed Rice With Veggies","1","2");
INSERT INTO food_demo VALUES("430","Chilli Garlic Fried Rice - HALF","15","100.00","1","386.jpg","Chilli Garlic Fried Rice","1","2");
INSERT INTO food_demo VALUES("431","Chilli Garlic Fried Rice - FULL","15","160.00","1","386.jpg","Chilli Garlic Fried Rice","1","2");
INSERT INTO food_demo VALUES("432","Schezwan Veg Fried Rice -HALF","15","100.00","1","386.jpg","Schezwan Veg Fried Rice","1","2");
INSERT INTO food_demo VALUES("433","Schezwan Veg Fried Rice -FULL","15","160.00","1","386.jpg","Schezwan Veg Fried Rice","1","2");
INSERT INTO food_demo VALUES("434","Veg Ginger Capsicum Fried Rice - HALF","15","100.00","1","386.jpg","Veg Ginger Capsicum Fried Rice","1","2");
INSERT INTO food_demo VALUES("435","Veg Ginger Capsicum Fried Rice - FULL","15","160.00","1","386.jpg","Veg Ginger Capsicum Fried Rice","1","2");
INSERT INTO food_demo VALUES("436","Veg Fried Rice - HALF","15","100.00","1","386.jpg","Veg Fried Rice","1","2");
INSERT INTO food_demo VALUES("437","Veg Fried Rice - FULL","15","150.00","1","386.jpg","Veg Fried Rice","1","2");
INSERT INTO food_demo VALUES("438","Steamed Rice With Chicken N Veg","15","185.00","1","386.jpg","Steamed Rice With Chicken N Veg","1","2");
INSERT INTO food_demo VALUES("439","Mixed Fried Rice - Regular -HALF  ","15","110.00","1","386.jpg","Mixed Fried Rice - Regular -HALF  ","1","2");
INSERT INTO food_demo VALUES("440","Mixed Fried Rice - Schezwan - HALF  ","15","115.00","1","386.jpg","Mixed Fried Rice - Schezwan - HALF  ","1","2");
INSERT INTO food_demo VALUES("441","Mixed Fried Rice - Chilli Garlic- HALF  ","15","115.00","1","386.jpg","Mixed Fried Rice - Chilli Garlic- HALF  ","1","2");
INSERT INTO food_demo VALUES("442","Mixed Fried Rice - Regular - FULL  ","15","175.00","1","386.jpg","Mixed Fried Rice - Regular - FULL  ","1","2");
INSERT INTO food_demo VALUES("443","Mixed Fried Rice - Schezwan - FULL  ","15","180.00","1","386.jpg","Mixed Fried Rice - Schezwan - FULL  ","1","2");
INSERT INTO food_demo VALUES("444","Mixed Fried Rice - Chilli Garlic- FULL  ","15","180.00","1","386.jpg","Mixed Fried Rice - Chilli Garlic- FULL  ","1","2");
INSERT INTO food_demo VALUES("445","Chicken Fried Rice - HALF","15","110.00","1","386.jpg","Chicken Fried Rice - HALF","1","2");
INSERT INTO food_demo VALUES("446","Chicken Fried Rice - FULL","15","165.00","1","386.jpg","Chicken Fried Rice - FULL","1","2");
INSERT INTO food_demo VALUES("447","Egg Fried Rice - FULL","15","160.00","1","386.jpg","Egg Fried Rice - FULL","1","2");
INSERT INTO food_demo VALUES("448","Egg Fried Rice - HALF","15","100.00","1","386.jpg","Egg Fried Rice - HALF","1","2");
INSERT INTO food_demo VALUES("449","Veg Canton Noodles With Gravy","15","165.00","1","386.jpg","Veg Canton Noodles With Gravy","1","2");
INSERT INTO food_demo VALUES("450","Veg Hakka Noodle - HALF","15","100.00","1","386.jpg","Veg Hakka Noodle","1","2");
INSERT INTO food_demo VALUES("451","Veg Hakka Noodle - FULL","15","160.00","1","386.jpg","Veg Hakka Noodle","1","2");
INSERT INTO food_demo VALUES("452","Veg Noodle - Hakka - Half","15","100.00","1","386.jpg","Veg Noodle","1","2");
INSERT INTO food_demo VALUES("453","Veg Noodle - Gravy - Half","15","110.00","1","386.jpg","Veg Noodle","1","2");
INSERT INTO food_demo VALUES("454","Veg Noodle - Hakka- FULL","15","150.00","1","386.jpg","Veg Noodle","1","2");
INSERT INTO food_demo VALUES("455","Veg Noodle - Gravy - FULL","15","160.00","1","386.jpg","Veg Noodle","1","2");
INSERT INTO food_demo VALUES("456","Schezwan Chicken Noodles HALF","15","110.00","1","386.jpg","Schezwan Chicken Noodles","1","2");
INSERT INTO food_demo VALUES("457","Schezwan Chicken Noodles - FULL","15","170.00","1","386.jpg","Schezwan Chicken Noodles","1","2");
INSERT INTO food_demo VALUES("458","Mixed Noodle - Hakka - HALF","15","110.00","1","386.jpg","Mixed Noodle","1","2");
INSERT INTO food_demo VALUES("459","Mixed Noodle - Gravy - HALF","15","120.00","1","386.jpg","Mixed Noodle","1","2");
INSERT INTO food_demo VALUES("460","Mixed Noodle - Hakka - FULL","15","170.00","1","386.jpg","Mixed Noodle","1","2");
INSERT INTO food_demo VALUES("461","Mixed Noodle - Gravy - FULL","15","180.00","1","386.jpg","Mixed Noodle","1","2");
INSERT INTO food_demo VALUES("462","Chicken Noodles - Hakka - HALF","15","100.00","1","386.jpg","Chicken Noodles ","1","2");
INSERT INTO food_demo VALUES("463","Chicken Noodles - Gravy - HALF","15","110.00","1","386.jpg","Chicken Noodles ","1","2");
INSERT INTO food_demo VALUES("464","Chicken Noodles - Hakka - FULL","15","160.00","1","386.jpg","Chicken Noodles ","1","2");
INSERT INTO food_demo VALUES("465","Chicken Noodles - Gravy - FULL","15","170.00","1","386.jpg","Chicken Noodles ","1","2");
INSERT INTO food_demo VALUES("466","Chicken Noodles - Gravy - FULL","15","170.00","1","386.jpg","Chicken Noodles ","1","2");
INSERT INTO food_demo VALUES("467","Egg Noodles - Hakka - HALF","15","100.00","1","386.jpg","Egg Noodles","1","2");
INSERT INTO food_demo VALUES("468","Egg Noodles - Gravy - HALF","15","110.00","1","386.jpg","Egg Noodles","1","2");
INSERT INTO food_demo VALUES("469","Egg Noodles - Hakka - FULL","15","160.00","1","386.jpg","Egg Noodles","1","2");
INSERT INTO food_demo VALUES("470","Egg Noodles - Gravy - FULL","15","170.00","1","386.jpg","Egg Noodles","1","2");
INSERT INTO food_demo VALUES("471","Paneer Munchurian -HALF","15","110.00","1","386.jpg","Paneer Munchurian","1","2");
INSERT INTO food_demo VALUES("472","Paneer Munchurian -FULL","15","175.00","1","386.jpg","Paneer Munchurian","1","2");
INSERT INTO food_demo VALUES("473","Veg Munchurian -HALF","15","110.00","1","386.jpg","Veg Munchurian","1","2");
INSERT INTO food_demo VALUES("474","Veg Munchurian -FULL","15","165.00","1","386.jpg","Veg Munchurian","1","2");
INSERT INTO food_demo VALUES("475","Veg Sweet N Sour -FULL","15","165.00","1","386.jpg","Veg Sweet N Sour","1","2");
INSERT INTO food_demo VALUES("476","Veg Sweet N Sour -HALF","15","110.00","1","386.jpg","Veg Sweet N Sour","1","2");
INSERT INTO food_demo VALUES("477","Chilli Mushroom -HALF","15","110.00","1","386.jpg","Chilli Mushroom","1","2");
INSERT INTO food_demo VALUES("478","Chilli Mushroom -FULL","15","175.00","1","386.jpg","Chilli Mushroom","1","2");
INSERT INTO food_demo VALUES("479","Chilli Babycorn Gravy -HALF","15","110.00","1","386.jpg","Chilli Babycorn Gravy","1","2");
INSERT INTO food_demo VALUES("480","Chilli Babycorn Gravy -FULL","15","175.00","1","386.jpg","Chilli Babycorn Gravy","1","2");
INSERT INTO food_demo VALUES("481","Chilli Paneer -HALF","15","110.00","1","386.jpg","Chilli Paneer","1","2");
INSERT INTO food_demo VALUES("482","Chilli Paneer -FULL","15","175.00","1","386.jpg","Chilli Paneer","1","2");
INSERT INTO food_demo VALUES("483","Chilli Potato -HALF","15","110.00","1","386.jpg","Chilli Potato","1","2");
INSERT INTO food_demo VALUES("484","Chilli Potato -FULL","15","160.00","1","386.jpg","Chilli Potato","1","2");
INSERT INTO food_demo VALUES("485","Prawn Munchurian -HALF","15","160.00","1","386.jpg","Prawn Munchurian","1","2");
INSERT INTO food_demo VALUES("486","Prawn Munchurian -FULL","15","210.00","1","386.jpg","Prawn Munchurian","1","2");
INSERT INTO food_demo VALUES("487","Garlic Prawn -HALF","15","160.00","1","386.jpg","Garlic Prawn","1","2");
INSERT INTO food_demo VALUES("488","Garlic Prawn -FULL","15","210.00","1","386.jpg","Garlic Prawn","1","2");
INSERT INTO food_demo VALUES("489","Chilli Prawn -HALF","15","160.00","1","386.jpg","Chilli Prawn","1","2");
INSERT INTO food_demo VALUES("490","Chilli Prawn -FULL","15","210.00","1","386.jpg","Chilli Prawn","1","2");
INSERT INTO food_demo VALUES("491","Schezwan Fish -HALF","15","135.00","1","386.jpg","Schezwan Fish","1","2");
INSERT INTO food_demo VALUES("492","Schezwan Fish -FULL","15","195.00","1","386.jpg","Schezwan Fish","1","2");
INSERT INTO food_demo VALUES("493","Garlic Fish -HALF","15","135.00","1","386.jpg","Garlic Fish","1","2");
INSERT INTO food_demo VALUES("494","Garlic Fish -FULL","15","195.00","1","386.jpg","Garlic Fish","1","2");
INSERT INTO food_demo VALUES("495","Fish Munchurian -HALF","15","130.00","1","386.jpg","Fish Munchurian","1","2");
INSERT INTO food_demo VALUES("496","Fish Munchurian -FULL","15","190.00","1","386.jpg","Fish Munchurian","1","2");
INSERT INTO food_demo VALUES("497","Chilli Fish -HALF","15","130.00","1","386.jpg","Chilli Fish","1","2");
INSERT INTO food_demo VALUES("498","Chilli Fish -FULL","15","190.00","1","386.jpg","Chilli Fish","1","2");
INSERT INTO food_demo VALUES("499","Chicken With Veg Mushroom -HALF","15","125.00","1","386.jpg","Chicken With Veg Mushroom","1","2");
INSERT INTO food_demo VALUES("500","Chicken With Veg Mushroom -FULL","15","185.00","1","386.jpg","Chicken With Veg Mushroom","1","2");
INSERT INTO food_demo VALUES("501","Schezwan Chicken -HALF","15","125.00","1","386.jpg","Schezwan Chicken","1","2");
INSERT INTO food_demo VALUES("502","Schezwan Chicken -FULL","15","185.00","1","386.jpg","Schezwan Chicken","1","2");
INSERT INTO food_demo VALUES("503","Sweet N Sour Chicken -HALF","15","120.00","1","386.jpg","Sweet N Sour Chicken","1","2");
INSERT INTO food_demo VALUES("504","Sweet N Sour Chicken -FULL","15","180.00","1","386.jpg","Sweet N Sour Chicken","1","2");
INSERT INTO food_demo VALUES("505","Ginger Chicken -HALF","15","120.00","1","386.jpg","Ginger Chicken","1","2");
INSERT INTO food_demo VALUES("506","Ginger Chicken -FULL","15","180.00","1","386.jpg","Ginger Chicken","1","2");
INSERT INTO food_demo VALUES("507","Garlic Chicken -HALF","15","120.00","1","386.jpg","Garlic Chicken","1","2");
INSERT INTO food_demo VALUES("508","Garlic Chicken -FULL","15","190.00","1","386.jpg","Garlic Chicken","1","2");
INSERT INTO food_demo VALUES("509","Chicken Munchurian -HALF","15","110.00","1","386.jpg","Chicken Munchurian","1","2");
INSERT INTO food_demo VALUES("510","Chicken Munchurian -FULL","15","180.00","1","386.jpg","Chicken Munchurian","1","2");
INSERT INTO food_demo VALUES("511","Chilli Chicken -HALF","15","110.00","1","386.jpg","Chilli Chicken","1","2");
INSERT INTO food_demo VALUES("512","Chilli Chicken - FULL","15","180.00","1","386.jpg","Chilli Chicken","1","2");
INSERT INTO food_demo VALUES("513","Sambar Vada","16","85.00","1","386.jpg","Sambar Vada","1","2");
INSERT INTO food_demo VALUES("514","Plain Vada","16","80.00","1","386.jpg","Plain Vada","1","2");
INSERT INTO food_demo VALUES("515","Fried Idly","16","95.00","1","386.jpg","Fried Idly","1","2");
INSERT INTO food_demo VALUES("516","Plain Idly - Plain","16","80.00","1","386.jpg","Plain Idly","1","2");
INSERT INTO food_demo VALUES("517","Plain Idly - Butter","16","90.00","1","386.jpg","Plain Idly","1","2");
INSERT INTO food_demo VALUES("518","Mixed Uttapam - Mixed ","16","140.00","1","386.jpg","Mixed Uttapam ","1","2");
INSERT INTO food_demo VALUES("519","Mixed Uttapam - Tomato","16","125.00","1","386.jpg","Mixed Uttapam ","1","2");
INSERT INTO food_demo VALUES("520","Mixed Uttapam - Onion","16","125.00","1","386.jpg","Mixed Uttapam ","1","2");
INSERT INTO food_demo VALUES("521","Mixed Uttapam - Paneer","16","135.00","1","386.jpg","Mixed Uttapam ","1","2");
INSERT INTO food_demo VALUES("522","Mixed Uttapam - Cheese","16","135.00","1","386.jpg","Mixed Uttapam ","1","2");
INSERT INTO food_demo VALUES("523","Mixed Uttapam - Schezwan ","16","135.00","1","386.jpg","Mixed Uttapam ","1","2");
INSERT INTO food_demo VALUES("524","Plain Uttapam - Plain","16","115.00","1","386.jpg","Plain Uttapam","1","2");
INSERT INTO food_demo VALUES("525","Plain Uttapam - Masala","16","120.00","1","386.jpg","Plain Uttapam","1","2");
INSERT INTO food_demo VALUES("526","Chicken Masala Dosa - Plain","16","160.00","1","386.jpg","Chicken Masala Dosa ","1","2");
INSERT INTO food_demo VALUES("527","Chicken Masala Dosa - Paper ","16","170.00","1","386.jpg","Chicken Masala Dosa ","1","2");
INSERT INTO food_demo VALUES("528","Paper Masala Dosa ","16","130.00","1","386.jpg","Paper Masala Dosa","1","2");
INSERT INTO food_demo VALUES("529","Paper Masala Dosa - Butter","16","140.00","1","386.jpg","Paper Masala Dosa","1","2");
INSERT INTO food_demo VALUES("530","Paper Masala Dosa - Cheese ","16","140.00","1","386.jpg","Paper Masala Dosa","1","2");
INSERT INTO food_demo VALUES("531","Paper Masala Dosa - Onion ","16","140.00","1","386.jpg","Paper Masala Dosa","1","2");
INSERT INTO food_demo VALUES("532","Paper Masala Dosa - Butter N Cheese","16","150.00","1","386.jpg","Paper Masala Dosa","1","2");
INSERT INTO food_demo VALUES("533","Paper Masala Dosa - Butter Onion","16","150.00","1","386.jpg","Paper Masala Dosa","1","2");
INSERT INTO food_demo VALUES("534","Paper Masala Dosa - Schezwan ","16","140.00","1","386.jpg","Paper Masala Dosa","1","2");
INSERT INTO food_demo VALUES("535","Masala Dosa -Butter ","16","125.00","1","386.jpg","Masala Dosa","1","2");
INSERT INTO food_demo VALUES("536","Masala Dosa - Cheese","16","135.00","1","386.jpg","Masala Dosa","1","2");
INSERT INTO food_demo VALUES("537","Masala Dosa - Onion ","16","135.00","1","386.jpg","Masala Dosa","1","2");
INSERT INTO food_demo VALUES("538","Masala Dosa - Butter N Cheese","16","145.00","1","386.jpg","Masala Dosa","1","2");
INSERT INTO food_demo VALUES("539","Masala Dosa - Butter Onion","16","140.00","1","386.jpg","Masala Dosa","1","2");
INSERT INTO food_demo VALUES("540","Masala Dosa - Schezwan","16","135.00","1","386.jpg","Masala Dosa","1","2");
INSERT INTO food_demo VALUES("541","Paper Plain Dosa - Plain","16","130.00","1","386.jpg","Paper Plain Dosa","1","2");
INSERT INTO food_demo VALUES("542","Paper Plain Dosa - Butter ","16","140.00","1","386.jpg","Paper Plain Dosa","1","2");
INSERT INTO food_demo VALUES("543","Paper Plain Dosa - Cheese ","16","140.00","1","386.jpg","Paper Plain Dosa","1","2");
INSERT INTO food_demo VALUES("544","Paper Plain Dosa - Onion ","16","140.00","1","386.jpg","Paper Plain Dosa","1","2");
INSERT INTO food_demo VALUES("545","Paper Plain Dosa - Butter N Cheese","16","140.00","1","386.jpg","Paper Plain Dosa","1","2");
INSERT INTO food_demo VALUES("546","Paper Plain Dosa - Butter Onion","16","140.00","1","386.jpg","Paper Plain Dosa","1","2");
INSERT INTO food_demo VALUES("547","Paper Plain Dosa - Schezwan","16","140.00","1","386.jpg","Paper Plain Dosa","1","2");
INSERT INTO food_demo VALUES("548","Plain Dosa - Plain","16","105.00","1","386.jpg","Plain Dosa","1","2");
INSERT INTO food_demo VALUES("549","Plain Dosa - Butter ","16","110.00","1","386.jpg","Plain Dosa","1","2");
INSERT INTO food_demo VALUES("550","Plain Dosa - Cheese ","16","125.00","1","386.jpg","Plain Dosa","1","2");
INSERT INTO food_demo VALUES("551","Plain Dosa - Onion","16","125.00","1","386.jpg","Plain Dosa","1","2");
INSERT INTO food_demo VALUES("552","Plain Dosa - Butter N Cheese","16","130.00","1","386.jpg","Plain Dosa","1","2");
INSERT INTO food_demo VALUES("553","Plain Dosa - Schezwan","16","120.00","1","386.jpg","Plain Dosa","1","2");
INSERT INTO food_demo VALUES("554","Plain Dosa - Butter Onion","16","130.00","1","386.jpg","Plain Dosa","1","2");
INSERT INTO food_demo VALUES("555","Lassi","17","120.00","1","386.jpg","Lassi","1","2");
INSERT INTO food_demo VALUES("556","Flavoured Lassi","17","130.00","1","386.jpg","Flavoured Lassi","1","2");
INSERT INTO food_demo VALUES("557","Iced Cappuccino","17","140.00","1","386.jpg","Iced Cappuccino","1","2");
INSERT INTO food_demo VALUES("558","Iced Black Forest","17","150.00","1","386.jpg","Iced Black Forest","1","2");
INSERT INTO food_demo VALUES("559","Iced Chocolate","17","130.00","1","386.jpg","Iced Chocolate","1","2");
INSERT INTO food_demo VALUES("560","Iced Tea","17","130.00","1","386.jpg","Iced Tea","1","2");
INSERT INTO food_demo VALUES("561","Shakes","17","140.00","1","386.jpg","Shakes","1","2");
INSERT INTO food_demo VALUES("562","Moon Magic","18","200.00","1","386.jpg","Moon Magic","1","2");
INSERT INTO food_demo VALUES("563","Pink Affair","18","200.00","1","386.jpg","Pink Affair","1","2");
INSERT INTO food_demo VALUES("564","Dark Desire","18","200.00","1","386.jpg","Dark Desire","1","2");
INSERT INTO food_demo VALUES("565","Tutty Fruity","18","200.00","1","386.jpg","Tutty Fruity","1","2");
INSERT INTO food_demo VALUES("566","Brownie With Ice-cream","18","200.00","1","386.jpg","Brownie With Ice-cream","1","2");
INSERT INTO food_demo VALUES("567","Thunder Storm","18","190.00","1","386.jpg","Thunder Storm","1","2");
INSERT INTO food_demo VALUES("568","Fresh Fuit","18","190.00","1","386.jpg","Fresh Fuit","1","2");
INSERT INTO food_demo VALUES("569","Dry Fruit","18","190.00","1","386.jpg","Dry Fruit","1","2");
INSERT INTO food_demo VALUES("570","Egg Bhurji Toast ","19","95.00","1","386.jpg","Egg Bhurji Toast ","1","2");
INSERT INTO food_demo VALUES("571","Chilli Cheese Bread Toast","19","95.00","1","386.jpg","Chilli Cheese Bread Toast","1","2");
INSERT INTO food_demo VALUES("572","Baked Beans On Toast ","19","95.00","1","386.jpg","Baked Beans On Toast ","1","2");
INSERT INTO food_demo VALUES("573","French Toast ","19","80.00","1","386.jpg","French Toast ","1","2");
INSERT INTO food_demo VALUES("574","Cheese Bread ","19","75.00","1","386.jpg","Cheese Bread ","1","2");
INSERT INTO food_demo VALUES("575","Peanut Butter Toast","19","65.00","1","386.jpg","Peanut Butter Toast","1","2");
INSERT INTO food_demo VALUES("576","Bread Jam Toast","19","65.00","1","386.jpg","Bread Jam Toast","1","2");
INSERT INTO food_demo VALUES("577","Bread Butter Toast","19","65.00","1","386.jpg","Bread Butter Toast","1","2");
INSERT INTO food_demo VALUES("578","Grilled Chicken Sandwich","19","140.00","1","386.jpg","Grilled Chicken Sandwich","1","2");
INSERT INTO food_demo VALUES("579","Non Veg Chicken Burger","19","140.00","1","386.jpg","Non Veg Chicken Burger","1","2");
INSERT INTO food_demo VALUES("580","Chicken Mayo Sandwich (Plain)","19","110.00","1","386.jpg","Chicken Mayo Sandwich (Plain)","1","2");
INSERT INTO food_demo VALUES("581","Veg Sandwich Grilled","19","135.00","1","386.jpg","Veg Sandwich Grilled","1","2");
INSERT INTO food_demo VALUES("582","Veggie Burger","19","120.00","1","386.jpg","Veggie Burger","1","2");
INSERT INTO food_demo VALUES("583","Veg Cole Slaw Sandwich ","19","90.00","1","386.jpg","Veg Cole Slaw Sandwich ","1","2");
INSERT INTO food_demo VALUES("584","Chicken Sausage ","19","130.00","1","386.jpg","Chicken Sausage ","1","2");
INSERT INTO food_demo VALUES("585","Fried Egg ","19","65.00","1","386.jpg","Fried Egg ","1","2");
INSERT INTO food_demo VALUES("586","Masala Omelette ","19","65.00","1","386.jpg","Masala Omelette ","1","2");
INSERT INTO food_demo VALUES("587","Sunny Side-Up ","19","65.00","1","386.jpg","Sunny Side-Up ","1","2");
INSERT INTO food_demo VALUES("588","Scrambled Egg ","19","65.00","1","386.jpg","Scrambled Egg ","1","2");
INSERT INTO food_demo VALUES("589","Plain Omelette ","19","65.00","1","386.jpg","Plain Omelette ","1","2");
INSERT INTO food_demo VALUES("590","Poach","19","65.00","1","386.jpg","Poach","1","2");
INSERT INTO food_demo VALUES("591","Boiled Egg","19","60.00","1","386.jpg","Boiled Egg","1","2");
INSERT INTO food_demo VALUES("592","Honey Pan Cake","19","99.00","1","386.jpg","Honey Pan Cake","1","2");
INSERT INTO food_demo VALUES("593","Strawberry Pan Cake ","19","99.00","1","386.jpg","Strawberry Pan Cake ","1","2");
INSERT INTO food_demo VALUES("594","Chocolate Pan Cake ","19","99.00","1","386.jpg","Chocolate Pan Cake ","1","2");
INSERT INTO food_demo VALUES("595","Plain Pan Cake ","19","80.00","1","386.jpg","Plain Pan Cake ","1","2");
INSERT INTO food_demo VALUES("596","Mix Veg Paratha ","19","130.00","1","386.jpg","Mix Veg Paratha ","1","2");
INSERT INTO food_demo VALUES("597","Onion Paratha ","19","120.00","1","386.jpg","Onion Paratha ","1","2");
INSERT INTO food_demo VALUES("598","Mooli Paratha ","19","120.00","1","386.jpg","Mooli Paratha ","1","2");
INSERT INTO food_demo VALUES("599","Gobi Paratha ","19","120.00","1","386.jpg","Gobi Paratha ","1","2");
INSERT INTO food_demo VALUES("600","Aloo Paratha","19","120.00","1","386.jpg","Aloo Paratha","1","2");
INSERT INTO food_demo VALUES("601","Egg Dosa","19","130.00","1","386.jpg","Egg Dosa","1","2");
INSERT INTO food_demo VALUES("602","Onion Masal Dosa","19","120.00","1","386.jpg","Onion Masal Dosa","1","2");
INSERT INTO food_demo VALUES("603","Cheese Masala Dosa","19","130.00","1","386.jpg","Cheese Masala Dosa","1","2");
INSERT INTO food_demo VALUES("604","Butter Masala Dosa","19","120.00","1","386.jpg","Butter Masala Dosa","1","2");
INSERT INTO food_demo VALUES("605","Masala Dosa Breakfast","19","110.00","1","386.jpg","Masala Dosa Breakfast","1","2");
INSERT INTO food_demo VALUES("606","Cheese Plain Dosa","19","120.00","1","386.jpg","Cheese Plain Dosa","1","2");
INSERT INTO food_demo VALUES("607","Butter Plain Dosa","19","110.00","1","386.jpg","Butter Plain Dosa","1","2");
INSERT INTO food_demo VALUES("608","Onion Plain Dosa","19","110.00","1","386.jpg","Onion Plain Dosa","1","2");
INSERT INTO food_demo VALUES("609","Plain Dosa Breakfast","19","90.00","1","386.jpg","Plain Dosa Breakfast","1","2");
INSERT INTO food_demo VALUES("610","Poha","19","90.00","1","386.jpg","Poha","1","2");
INSERT INTO food_demo VALUES("611","Vada","19","80.00","1","386.jpg","Vada","1","2");
INSERT INTO food_demo VALUES("612","Idly","19","80.00","1","612_1612496330.jpg","Idly","1","2");



CREATE TABLE `food_email_notification` (
  `id` int(11) NOT NULL AUTO_INCREMENT,
  `name` varchar(255) DEFAULT NULL,
  `email` varchar(255) DEFAULT NULL,
  `phone_no` varchar(255) DEFAULT NULL,
  `event` varchar(255) DEFAULT 'New Order',
  PRIMARY KEY (`id`)
) ENGINE=MyISAM AUTO_INCREMENT=7 DEFAULT CHARSET=latin1;

INSERT INTO food_email_notification VALUES("1","New order collector","sdfds@dfgdf.ll","8001691299","New Order");
INSERT INTO food_email_notification VALUES("2","Modified Order Informer","daspapun21@gmail.com","8001691299","Order Modification");
INSERT INTO food_email_notification VALUES("4","Online Payment Collection","daspapun22@gmail.com","8001691299","Online Paid");
INSERT INTO food_email_notification VALUES("5","Table Cleaner","daspapun22@gmail.com","8001691299","Table Clean Request");
INSERT INTO food_email_notification VALUES("6","Biswnath Das","daspapun22@gmail.com","8001691299","Ask for Cash Pay");



CREATE TABLE `food_feedback` (
  `id` int(11) NOT NULL AUTO_INCREMENT,
  `order_id` int(11) NOT NULL,
  `rating` int(11) NOT NULL,
  `created` date NOT NULL,
  PRIMARY KEY (`id`)
) ENGINE=MyISAM AUTO_INCREMENT=55 DEFAULT CHARSET=latin1;

INSERT INTO food_feedback VALUES("1","2","4","2020-10-29");
INSERT INTO food_feedback VALUES("2","3","3","2020-10-29");
INSERT INTO food_feedback VALUES("3","4","3","2020-10-29");
INSERT INTO food_feedback VALUES("4","9","2","2020-11-02");
INSERT INTO food_feedback VALUES("5","6","0","2020-11-02");
INSERT INTO food_feedback VALUES("6","10","3","2020-11-02");
INSERT INTO food_feedback VALUES("7","11","3","2020-11-02");
INSERT INTO food_feedback VALUES("8","13","1","2020-11-02");
INSERT INTO food_feedback VALUES("9","14","3","2020-11-05");
INSERT INTO food_feedback VALUES("10","15","2","2020-11-05");
INSERT INTO food_feedback VALUES("11","17","0","2020-11-14");
INSERT INTO food_feedback VALUES("12","18","0","2020-11-14");
INSERT INTO food_feedback VALUES("13","19","0","2020-11-15");
INSERT INTO food_feedback VALUES("14","8","0","2020-11-16");
INSERT INTO food_feedback VALUES("15","10","0","2020-11-16");
INSERT INTO food_feedback VALUES("16","16","0","2020-11-24");
INSERT INTO food_feedback VALUES("17","17","5","2020-11-25");
INSERT INTO food_feedback VALUES("18","1","5","2020-11-25");
INSERT INTO food_feedback VALUES("19","2","0","2020-11-25");
INSERT INTO food_feedback VALUES("20","4","0","2020-11-25");
INSERT INTO food_feedback VALUES("21","1","0","2020-11-25");
INSERT INTO food_feedback VALUES("22","1","0","2020-11-26");
INSERT INTO food_feedback VALUES("23","2","3","2020-11-26");
INSERT INTO food_feedback VALUES("24","3","3","2020-11-26");
INSERT INTO food_feedback VALUES("25","4","0","2020-11-26");
INSERT INTO food_feedback VALUES("26","5","0","2020-11-26");
INSERT INTO food_feedback VALUES("27","6","0","2020-11-26");
INSERT INTO food_feedback VALUES("28","7","4","2020-11-26");
INSERT INTO food_feedback VALUES("29","7","0","2020-11-26");
INSERT INTO food_feedback VALUES("30","9","4","2020-11-27");
INSERT INTO food_feedback VALUES("31","10","3","2020-11-27");
INSERT INTO food_feedback VALUES("32","0","0","2020-11-27");
INSERT INTO food_feedback VALUES("33","0","0","2020-11-27");
INSERT INTO food_feedback VALUES("34","11","3","2020-11-27");
INSERT INTO food_feedback VALUES("35","11","3","2020-11-27");
INSERT INTO food_feedback VALUES("36","11","3","2020-11-27");
INSERT INTO food_feedback VALUES("37","0","0","2020-11-27");
INSERT INTO food_feedback VALUES("38","11","3","2020-11-27");
INSERT INTO food_feedback VALUES("39","12","3","2020-11-27");
INSERT INTO food_feedback VALUES("40","12","3","2020-11-27");
INSERT INTO food_feedback VALUES("41","11","0","2020-11-27");
INSERT INTO food_feedback VALUES("42","13","0","2020-11-28");
INSERT INTO food_feedback VALUES("43","14","4","2020-11-28");
INSERT INTO food_feedback VALUES("44","14","3","2020-11-28");
INSERT INTO food_feedback VALUES("45","18","0","2020-12-01");
INSERT INTO food_feedback VALUES("46","23","0","2020-12-05");
INSERT INTO food_feedback VALUES("47","24","0","2020-12-05");
INSERT INTO food_feedback VALUES("48","25","3","2020-12-05");
INSERT INTO food_feedback VALUES("49","5","5","2020-12-09");
INSERT INTO food_feedback VALUES("50","1","0","2020-12-27");
INSERT INTO food_feedback VALUES("51","2","4","2020-12-27");
INSERT INTO food_feedback VALUES("52","0","0","2020-12-27");
INSERT INTO food_feedback VALUES("53","0","0","2020-12-27");
INSERT INTO food_feedback VALUES("54","3","3","2020-12-27");



CREATE TABLE `food_inventory_add` (
  `id` int(11) NOT NULL AUTO_INCREMENT,
  `item` int(11) DEFAULT NULL,
  `qty` bigint(20) DEFAULT NULL,
  `amount` float(6,2) DEFAULT NULL,
  `created` date DEFAULT NULL,
  `status` int(11) DEFAULT 1,
  PRIMARY KEY (`id`)
) ENGINE=MyISAM AUTO_INCREMENT=11 DEFAULT CHARSET=latin1;

INSERT INTO food_inventory_add VALUES("1","1","10","1200.00","2021-02-14","1");
INSERT INTO food_inventory_add VALUES("2","2","10","2000.00","2021-02-14","1");
INSERT INTO food_inventory_add VALUES("4","3","10","566.00","2021-02-14","1");
INSERT INTO food_inventory_add VALUES("5","3","10","123.00","2021-02-17","1");
INSERT INTO food_inventory_add VALUES("6","4","12","123.00","2021-02-17","1");
INSERT INTO food_inventory_add VALUES("7","5","123","123.00","2021-02-17","1");
INSERT INTO food_inventory_add VALUES("8","6","34","234.00","2021-02-17","1");
INSERT INTO food_inventory_add VALUES("9","7","1244","345.00","2021-02-17","1");
INSERT INTO food_inventory_add VALUES("10","8","1234","456.00","2021-02-17","1");



CREATE TABLE `food_inventory_items` (
  `id` int(11) NOT NULL AUTO_INCREMENT,
  `name` varchar(255) DEFAULT NULL,
  `unit` varchar(255) DEFAULT NULL,
  `avarage_price` float(6,2) DEFAULT NULL,
  `status` int(11) DEFAULT 1,
  PRIMARY KEY (`id`),
  UNIQUE KEY `name` (`name`)
) ENGINE=MyISAM AUTO_INCREMENT=12 DEFAULT CHARSET=latin1;

INSERT INTO food_inventory_items VALUES("1","Chicken","1","120.00","1");
INSERT INTO food_inventory_items VALUES("2","Motton","1","200.00","1");
INSERT INTO food_inventory_items VALUES("3","Fish","1","34.45","1");
INSERT INTO food_inventory_items VALUES("4","new 1","1","10.25","1");
INSERT INTO food_inventory_items VALUES("5","new 2","1","1.00","1");
INSERT INTO food_inventory_items VALUES("6","new 3","1","6.88","1");
INSERT INTO food_inventory_items VALUES("7","new 4","1","0.28","1");
INSERT INTO food_inventory_items VALUES("8","new 5","1","0.37","1");
INSERT INTO food_inventory_items VALUES("9","new 6","1","0.00","1");
INSERT INTO food_inventory_items VALUES("10","gth","1","0.00","1");
INSERT INTO food_inventory_items VALUES("11","nhy8","1","0.00","1");



CREATE TABLE `food_inventory_remove` (
  `id` int(11) NOT NULL AUTO_INCREMENT,
  `item` int(11) DEFAULT NULL,
  `qty` bigint(20) DEFAULT NULL,
  `remark` longtext DEFAULT NULL,
  `created` date DEFAULT NULL,
  `status` int(11) DEFAULT 1,
  PRIMARY KEY (`id`)
) ENGINE=MyISAM AUTO_INCREMENT=5 DEFAULT CHARSET=latin1;

INSERT INTO food_inventory_remove VALUES("1","1","5","kitchen","2021-02-14","1");
INSERT INTO food_inventory_remove VALUES("4","3","6","kik","2021-02-14","1");



CREATE TABLE `food_invoice_info` (
  `id` int(11) NOT NULL AUTO_INCREMENT,
  `name` varchar(255) DEFAULT NULL,
  `address` longtext DEFAULT NULL,
  `city` varchar(255) DEFAULT NULL,
  `state` varchar(255) DEFAULT NULL,
  `pin` varchar(255) DEFAULT NULL,
  `country` varchar(255) DEFAULT NULL,
  `contact_no` varchar(255) DEFAULT NULL,
  `GST` varchar(255) DEFAULT NULL,
  `status` int(11) DEFAULT NULL,
  PRIMARY KEY (`id`)
) ENGINE=MyISAM AUTO_INCREMENT=2 DEFAULT CHARSET=latin1;

INSERT INTO food_invoice_info VALUES("1","Scoop","AD lane","Kokata","West Bengal","700003","India","8001691299","1AF775858HJA9000","1");



CREATE TABLE `food_menu_item_addones` (
  `id` int(11) NOT NULL AUTO_INCREMENT,
  `food_item_id` int(11) DEFAULT NULL,
  `name` varchar(255) DEFAULT NULL,
  `amount` float(6,2) NOT NULL DEFAULT 0.00,
  PRIMARY KEY (`id`)
) ENGINE=MyISAM AUTO_INCREMENT=39 DEFAULT CHARSET=latin1;

INSERT INTO food_menu_item_addones VALUES("1","8","gss","5665.00");
INSERT INTO food_menu_item_addones VALUES("2","8","sfgs","636.00");
INSERT INTO food_menu_item_addones VALUES("3","8","sdgsd","525.00");
INSERT INTO food_menu_item_addones VALUES("30","74","dsgsd","77.00");
INSERT INTO food_menu_item_addones VALUES("28","74","green tea","5.00");
INSERT INTO food_menu_item_addones VALUES("29","74","ghdgf","66.00");
INSERT INTO food_menu_item_addones VALUES("38","197","CHEESE","10.00");
INSERT INTO food_menu_item_addones VALUES("37","196","EXTRA CHEESE","10.00");



CREATE TABLE `food_menu_type` (
  `id` int(11) NOT NULL AUTO_INCREMENT,
  `name` varchar(255) DEFAULT NULL,
  PRIMARY KEY (`id`)
) ENGINE=MyISAM AUTO_INCREMENT=3 DEFAULT CHARSET=latin1;

INSERT INTO food_menu_type VALUES("1","OFFLINE");
INSERT INTO food_menu_type VALUES("2","ONLINE");



CREATE TABLE `food_order` (
  `id` int(11) NOT NULL AUTO_INCREMENT,
  `user_id` int(11) DEFAULT NULL,
  `process_session` longtext DEFAULT NULL,
  `bypass_session` int(11) DEFAULT 0,
  `table_no` varchar(255) DEFAULT NULL,
  `cooking_instruction` longtext DEFAULT NULL,
  `sub_total` float(6,2) DEFAULT NULL,
  `total_charges` float(6,2) DEFAULT NULL,
  `indivisual_discount` float(6,2) NOT NULL DEFAULT 0.00,
  `indivisual_discount_percent` float(6,2) DEFAULT 0.00,
  `packing_charges` float(6,2) DEFAULT 0.00,
  `total` float(6,2) DEFAULT NULL,
  `date` date DEFAULT NULL,
  `time` time DEFAULT NULL,
  `done` int(11) DEFAULT 0,
  `payment_status` int(11) DEFAULT 0,
  `payment_method` int(11) DEFAULT NULL,
  `txn_id` varchar(255) DEFAULT NULL,
  `rating` int(11) DEFAULT NULL,
  `process` varchar(255) DEFAULT 'Order Received',
  `order_data` longtext DEFAULT NULL,
  `token` longtext DEFAULT NULL,
  `order_type` int(11) DEFAULT 1,
  `orddr_note` varchar(255) DEFAULT NULL,
  PRIMARY KEY (`id`)
) ENGINE=MyISAM AUTO_INCREMENT=35 DEFAULT CHARSET=latin1;

INSERT INTO food_order VALUES("3","0","","0","","","220.00","11.00","0.00","","0.00","231.00","2021-02-09","10:15:33","1","0","1","","0","Order Received","","","2","");
INSERT INTO food_order VALUES("4","0","","0","Parcel-4","","220.00","11.00","0.00","","0.00","231.00","2021-02-10","10:17:11","1","0","1","","0","Order Received","","","1","");
INSERT INTO food_order VALUES("9","0","","0","5","","150.00","14.52","4.80","3.20","0.00","159.72","2021-02-10","14:44:05","1","0","1","","0","Order Received","","","1","");
INSERT INTO food_order VALUES("8","0","","0","16","","1575.00","78.75","0.00","","0.00","1653.75","2021-02-11","00:04:10","1","0","3","","0","Order Received","","","1","");
INSERT INTO food_order VALUES("10","0","","0","16","","400.00","36.00","40.00","10.00","0.00","396.00","2021-02-11","14:47:26","1","0","3","","0","Order Received","","","1","sweegy - 123");
INSERT INTO food_order VALUES("11","0","","0","","","360.00","32.40","36.00","10.00","1.00","357.40","2021-02-12","22:57:47","0","0","0","","0","Order Received","","","2","12344");
INSERT INTO food_order VALUES("12","","","0","","","700.00","35.00","0.00","","0.00","735.00","2021-02-13","14:22:32","1","0","6","","","Order Received","","","2","swiggy 1356");
INSERT INTO food_order VALUES("14","","","0","","","205.00","18.45","20.50","10.00","0.00","202.95","2021-02-08","15:31:15","1","0","7","","","Order Received","","","2","");
INSERT INTO food_order VALUES("15","","","0","14","","400.00","0.00","400.00","100.00","10.00","10.00","2021-02-14","16:46:01","1","0","1","","","Order Received","","","1","asdgasdg");
INSERT INTO food_order VALUES("16","","","0","","","1200.00","120.00","0.00","0.00","0.00","1320.00","2021-02-14","18:43:42","1","0","3","","","Order Received","","","2","");
INSERT INTO food_order VALUES("18","","","0","Parcel-21","","875.00","87.50","0.00","0.00","0.00","962.50","2021-02-14","18:49:37","1","0","1","","","Order Received","","","1","dfhdfh");
INSERT INTO food_order VALUES("27","","","0","","","2300.00","230.00","0.00","0.00","0.00","2530.00","2021-02-16","21:09:13","1","0","1","","","Order Received","","","2","fdhdfh");
INSERT INTO food_order VALUES("23","","","0","","","100.00","10.00","0.00","0.00","0.00","110.00","2021-02-15","23:25:18","1","0","3","","","Order Received","","","2","dfhdf");
INSERT INTO food_order VALUES("24","","","0","","","1880.00","188.00","0.00","0.00","0.00","2068.00","2021-02-15","23:25:40","1","0","1","","","Order Received","","","2","");
INSERT INTO food_order VALUES("28","","","0","","","1040.00","104.00","0.00","0.00","0.00","1144.00","2021-02-17","12:08:56","1","0","1","","","Order Received","","","2","");
INSERT INTO food_order VALUES("29","","","0","1","","200.00","18.00","19.98","9.99","0.00","198.02","2021-02-19","11:28:50","1","0","7","","","Order Received","","","1","");
INSERT INTO food_order VALUES("30","","","0","5","","520.00","41.60","104.00","20.00","12.00","469.60","2021-02-19","15:56:40","1","0","1","","","Order Received","","","1","Zoma-4556kkk");
INSERT INTO food_order VALUES("31","","","0","2","","310.00","27.90","31.00","10.00","10.00","316.90","2021-02-21","10:18:46","1","0","2","","","Order Received","","","1","Zoma-3456");
INSERT INTO food_order VALUES("32","","","0","3","","245.00","22.05","24.50","10.00","10.00","252.55","2021-02-21","10:25:01","1","0","2","","","Order Received","","","1","sweeg-9876");
INSERT INTO food_order VALUES("33","","","0","3","","140.00","12.60","14.00","10.00","0.00","138.60","2021-02-26","16:01:19","0","0","","","","Order Received","","","1","swee");
INSERT INTO food_order VALUES("34","","","0","9","","480.00","48.00","0.00","0.00","0.00","528.00","2021-02-26","20:47:33","0","0","","","","Order Received","","","1","");



CREATE TABLE `food_order_charges` (
  `id` int(11) NOT NULL AUTO_INCREMENT,
  `order_id` int(11) DEFAULT NULL,
  `name` varchar(255) DEFAULT NULL,
  `amount` float(6,2) DEFAULT NULL,
  `charge_or_discount` int(11) DEFAULT NULL COMMENT '0= add, 1=discount',
  `created` date DEFAULT NULL,
  PRIMARY KEY (`id`)
) ENGINE=MyISAM AUTO_INCREMENT=23 DEFAULT CHARSET=latin1;

INSERT INTO food_order_charges VALUES("1","4","SGST","5.50","0","2021-02-10");
INSERT INTO food_order_charges VALUES("2","4","CGST","5.50","0","2021-02-10");
INSERT INTO food_order_charges VALUES("3","3","SGST","5.50","0","2021-02-10");
INSERT INTO food_order_charges VALUES("4","3","CGST","5.50","0","2021-02-10");
INSERT INTO food_order_charges VALUES("5","8","SGST","39.38","0","2021-02-11");
INSERT INTO food_order_charges VALUES("6","8","CGST","39.38","0","2021-02-11");
INSERT INTO food_order_charges VALUES("7","12","SGST","17.50","0","2021-02-13");
INSERT INTO food_order_charges VALUES("8","12","CGST","17.50","0","2021-02-13");
INSERT INTO food_order_charges VALUES("9","14","CGST","18.45","0","2021-02-14");
INSERT INTO food_order_charges VALUES("10","16","CGST","120.00","0","2021-02-14");
INSERT INTO food_order_charges VALUES("11","10","CGST","36.00","0","2021-02-14");
INSERT INTO food_order_charges VALUES("12","15","CGST","0.00","0","2021-02-14");
INSERT INTO food_order_charges VALUES("13","18","CGST","87.50","0","2021-02-14");
INSERT INTO food_order_charges VALUES("14","23","CGST","10.00","0","2021-02-15");
INSERT INTO food_order_charges VALUES("15","24","CGST","188.00","0","2021-02-15");
INSERT INTO food_order_charges VALUES("16","27","CGST","230.00","0","2021-02-16");
INSERT INTO food_order_charges VALUES("17","28","CGST","104.00","0","2021-02-17");
INSERT INTO food_order_charges VALUES("18","29","CGST","18.00","0","2021-02-19");
INSERT INTO food_order_charges VALUES("19","9","CGST","14.52","0","2021-02-19");
INSERT INTO food_order_charges VALUES("20","31","CGST","27.90","0","2021-02-21");
INSERT INTO food_order_charges VALUES("21","30","CGST","41.60","0","2021-02-21");
INSERT INTO food_order_charges VALUES("22","32","CGST","22.05","0","2021-02-21");



CREATE TABLE `food_order_item` (
  `id` int(11) NOT NULL AUTO_INCREMENT,
  `order_id` int(11) DEFAULT NULL,
  `item_category_id` int(11) DEFAULT NULL,
  `item_id` int(11) DEFAULT NULL,
  `qnt` int(11) DEFAULT NULL,
  `date` date DEFAULT NULL,
  `time` time DEFAULT NULL,
  `table_no` int(11) DEFAULT NULL,
  `addOnesAmout` float(6,2) DEFAULT NULL,
  `totalItemPrice` float(6,2) DEFAULT NULL,
  PRIMARY KEY (`id`)
) ENGINE=MyISAM AUTO_INCREMENT=56 DEFAULT CHARSET=latin1;

INSERT INTO food_order_item VALUES("32","18","6","222","3","2021-02-14","02:19:53","0","0.00","100.00");
INSERT INTO food_order_item VALUES("30","9","1","1","3","2021-02-14","01:36:39","0","0.00","50.00");
INSERT INTO food_order_item VALUES("33","18","3","81","5","2021-02-14","02:20:03","0","0.00","115.00");
INSERT INTO food_order_item VALUES("4","3","15","511","2","2021-02-10","05:45:46","0","0.00","110.00");
INSERT INTO food_order_item VALUES("5","4","1","4","2","2021-02-10","05:47:18","0","0.00","65.00");
INSERT INTO food_order_item VALUES("6","4","4","114","1","2021-02-10","05:47:27","0","0.00","90.00");
INSERT INTO food_order_item VALUES("31","16","14","417","12","2021-02-14","02:13:57","0","0.00","100.00");
INSERT INTO food_order_item VALUES("13","11","10","274","2","2021-02-12","06:28:38","0","0.00","90.00");
INSERT INTO food_order_item VALUES("11","8","1","25","9","2021-02-10","07:36:02","0","0.00","175.00");
INSERT INTO food_order_item VALUES("12","10","6","222","4","2021-02-11","12:15:55","0","0.00","285.00");
INSERT INTO food_order_item VALUES("14","11","10","274","2","2021-02-12","06:28:48","0","0.00","90.00");
INSERT INTO food_order_item VALUES("15","12","16","528","1","2021-02-13","09:54:36","0","0.00","130.00");
INSERT INTO food_order_item VALUES("16","12","14","417","2","2021-02-13","09:55:21","0","0.00","285.00");
INSERT INTO food_order_item VALUES("24","14","14","417","1","2021-02-14","11:02:06","0","0.00","100.00");
INSERT INTO food_order_item VALUES("25","14","10","316","1","2021-02-14","12:09:28","0","0.00","105.00");
INSERT INTO food_order_item VALUES("28","15","6","222","4","2021-02-14","12:25:21","0","0.00","100.00");
INSERT INTO food_order_item VALUES("40","27","14","417","23","2021-02-16","04:39:26","0","0.00","100.00");
INSERT INTO food_order_item VALUES("35","23","14","417","1","2021-02-15","06:55:34","0","0.00","100.00");
INSERT INTO food_order_item VALUES("36","24","10","313","6","2021-02-15","06:55:48","0","0.00","150.00");
INSERT INTO food_order_item VALUES("37","24","10","290","7","2021-02-15","06:55:53","0","0.00","140.00");
INSERT INTO food_order_item VALUES("42","28","16","526","4","2021-02-17","07:39:05","0","0.00","160.00");
INSERT INTO food_order_item VALUES("41","28","14","417","4","2021-02-17","07:39:01","0","0.00","100.00");
INSERT INTO food_order_item VALUES("43","29","6","222","2","2021-02-19","06:59:06","0","0.00","100.00");
INSERT INTO food_order_item VALUES("44","30","6","222","1","2021-02-19","11:26:51","0","0.00","100.00");
INSERT INTO food_order_item VALUES("45","30","1","12","3","2021-02-20","06:11:43","0","0.00","140.00");
INSERT INTO food_order_item VALUES("46","31","1","9","2","2021-02-21","05:49:29","0","0.00","105.00");
INSERT INTO food_order_item VALUES("49","32","1","9","1","2021-02-21","05:55:32","0","0.00","105.00");
INSERT INTO food_order_item VALUES("48","31","6","222","1","2021-02-21","05:49:45","0","0.00","100.00");
INSERT INTO food_order_item VALUES("50","32","6","196","1","2021-02-21","05:55:40","0","0.00","140.00");
INSERT INTO food_order_item VALUES("52","33","9","272","1","2021-02-26","12:01:15","0","0.00","140.00");
INSERT INTO food_order_item VALUES("53","34","6","222","2","2021-02-26","04:17:39","0","0.00","100.00");
INSERT INTO food_order_item VALUES("54","34","6","196","1","2021-02-26","05:21:46","0","0.00","140.00");
INSERT INTO food_order_item VALUES("55","34","6","196","1","2021-02-26","05:24:01","0","0.00","140.00");



CREATE TABLE `food_order_item_addones` (
  `id` int(11) NOT NULL AUTO_INCREMENT,
  `order_id` int(11) DEFAULT NULL,
  `order_item_id` int(11) DEFAULT NULL,
  `item_id` int(11) DEFAULT NULL,
  `add_ones_id` int(11) DEFAULT NULL,
  PRIMARY KEY (`id`)
) ENGINE=MyISAM DEFAULT CHARSET=latin1;




CREATE TABLE `food_scan_report` (
  `id` int(11) NOT NULL AUTO_INCREMENT,
  `table_no` varchar(255) NOT NULL,
  `ip` varchar(255) DEFAULT NULL,
  `date` varchar(255) DEFAULT NULL,
  `time` varchar(255) DEFAULT NULL,
  `token` longtext DEFAULT NULL,
  `status` int(11) NOT NULL DEFAULT 1,
  PRIMARY KEY (`id`)
) ENGINE=MyISAM AUTO_INCREMENT=195 DEFAULT CHARSET=latin1;

INSERT INTO food_scan_report VALUES("2","15","45.250.244.179","December 26, 2020, 6:35 pm","1508987919","","0");
INSERT INTO food_scan_report VALUES("3","15","45.250.244.179","December 26, 2020, 6:39 pm","1508988156","","0");
INSERT INTO food_scan_report VALUES("4","17","45.250.244.179","December 27, 2020, 8:33 am","1509038215","","0");
INSERT INTO food_scan_report VALUES("5","20","45.250.244.179","December 27, 2020, 8:33 am","1509938215","","0");
INSERT INTO food_scan_report VALUES("6","20","45.250.244.179","December 27, 2020, 4:33 pm","1609066990","","0");
INSERT INTO food_scan_report VALUES("7","15","45.250.244.179","December 26, 2020, 6:35 pm","1507987901","","0");
INSERT INTO food_scan_report VALUES("8","15","45.250.244.179","December 26, 2020, 6:35 pm","1508987919","","0");
INSERT INTO food_scan_report VALUES("9","15","45.250.244.179","December 26, 2020, 6:39 pm","1508988156","","0");
INSERT INTO food_scan_report VALUES("10","17","45.250.244.179","December 27, 2020, 8:33 am","1509038215","","0");
INSERT INTO food_scan_report VALUES("11","15","45.250.244.179","December 26, 2020, 6:39 pm","1508988156","","0");
INSERT INTO food_scan_report VALUES("12","17","45.250.244.179","December 27, 2020, 8:33 am","1509038215","","0");
INSERT INTO food_scan_report VALUES("13","15","45.250.244.179","December 26, 2020, 6:39 pm","1508988156","","0");
INSERT INTO food_scan_report VALUES("14","17","45.250.244.179","December 27, 2020, 8:33 am","1509038215","","0");
INSERT INTO food_scan_report VALUES("15","15","45.250.244.179","December 26, 2020, 6:39 pm","1508988156","","0");
INSERT INTO food_scan_report VALUES("16","17","45.250.244.179","December 27, 2020, 8:33 am","1509038215","","0");
INSERT INTO food_scan_report VALUES("17","20","45.250.244.179","December 27, 2020, 8:33 am","1509938215","","0");
INSERT INTO food_scan_report VALUES("18","20","45.250.244.179","December 27, 2020, 4:33 pm","1609066990","","0");
INSERT INTO food_scan_report VALUES("19","20","45.250.244.179","December 27, 2020, 8:33 am","1509938215","","0");
INSERT INTO food_scan_report VALUES("20","20","45.250.244.179","December 27, 2020, 4:33 pm","1609066990","","0");
INSERT INTO food_scan_report VALUES("21","20","45.250.244.179","December 27, 2020, 8:33 am","1509938215","","0");
INSERT INTO food_scan_report VALUES("22","20","45.250.244.179","December 27, 2020, 4:33 pm","1609066990","","0");
INSERT INTO food_scan_report VALUES("23","20","45.250.244.179","December 27, 2020, 8:33 am","1509938215","","0");
INSERT INTO food_scan_report VALUES("24","20","45.250.244.179","December 27, 2020, 4:33 pm","1609066990","","0");
INSERT INTO food_scan_report VALUES("25","20","45.250.244.179","December 27, 2020, 8:33 am","1509938215","","0");
INSERT INTO food_scan_report VALUES("26","20","45.250.244.179","December 27, 2020, 8:33 am","1509938215","","0");
INSERT INTO food_scan_report VALUES("27","20","45.250.244.179","December 27, 2020, 8:33 am","1509938215","","0");
INSERT INTO food_scan_report VALUES("28","20","45.250.244.179","December 27, 2020, 8:33 am","1509938215","","0");
INSERT INTO food_scan_report VALUES("29","20","45.250.244.179","December 27, 2020, 4:33 pm","1609066990","","0");
INSERT INTO food_scan_report VALUES("30","20","45.250.244.179","December 27, 2020, 8:33 am","1509938215","","0");
INSERT INTO food_scan_report VALUES("31","20","45.250.244.179","December 27, 2020, 4:33 pm","1609066990","","0");
INSERT INTO food_scan_report VALUES("32","20","45.250.244.179","December 27, 2020, 4:33 pm","1609066990","","0");
INSERT INTO food_scan_report VALUES("33","20","45.250.244.179","December 27, 2020, 4:33 pm","1609066990","","0");
INSERT INTO food_scan_report VALUES("34","20","45.250.244.179","December 27, 2020, 8:33 am","1509938215","","0");
INSERT INTO food_scan_report VALUES("35","20","45.250.244.179","December 27, 2020, 4:33 pm","1609066990","","0");
INSERT INTO food_scan_report VALUES("36","20","45.250.244.179","December 27, 2020, 4:33 pm","1609066990","","0");
INSERT INTO food_scan_report VALUES("37","20","45.250.244.179","December 27, 2020, 4:33 pm","1609066990","","0");
INSERT INTO food_scan_report VALUES("38","20","45.250.244.179","December 27, 2020, 4:33 pm","1609066990","","0");
INSERT INTO food_scan_report VALUES("39","20","45.250.244.179","December 27, 2020, 4:33 pm","1609066990","","0");
INSERT INTO food_scan_report VALUES("40","20","45.250.244.179","December 27, 2020, 4:33 pm","1609066990","","0");
INSERT INTO food_scan_report VALUES("41","20","45.250.244.179","December 27, 2020, 4:33 pm","1609066990","","0");
INSERT INTO food_scan_report VALUES("42","20","45.250.244.179","December 27, 2020, 4:33 pm","1609066990","","0");
INSERT INTO food_scan_report VALUES("43","20","45.250.244.179","December 27, 2020, 4:33 pm","1609066990","","0");
INSERT INTO food_scan_report VALUES("44","20","45.250.244.179","December 27, 2020, 4:33 pm","1609066990","","0");
INSERT INTO food_scan_report VALUES("45","20","45.250.244.179","December 27, 2020, 4:33 pm","1609066990","","0");
INSERT INTO food_scan_report VALUES("46","20","45.250.244.179","December 27, 2020, 4:33 pm","1609066990","","0");
INSERT INTO food_scan_report VALUES("47","20","45.250.244.179","December 27, 2020, 4:33 pm","1609066990","","0");
INSERT INTO food_scan_report VALUES("48","20","45.250.244.179","December 27, 2020, 4:33 pm","1609066990","","0");
INSERT INTO food_scan_report VALUES("49","20","45.250.244.179","December 27, 2020, 4:33 pm","1609066990","","0");
INSERT INTO food_scan_report VALUES("50","20","45.250.244.179","December 27, 2020, 4:33 pm","1609066990","","0");
INSERT INTO food_scan_report VALUES("51","20","45.250.244.179","December 27, 2020, 4:33 pm","1609066990","","0");
INSERT INTO food_scan_report VALUES("52","20","45.250.244.179","December 27, 2020, 4:33 pm","1609066990","","0");
INSERT INTO food_scan_report VALUES("53","20","45.250.244.179","December 27, 2020, 5:02 pm","1609068749","","0");
INSERT INTO food_scan_report VALUES("54","20","45.250.244.179","December 27, 2020, 5:02 pm","1609068765","","0");
INSERT INTO food_scan_report VALUES("55","2","45.250.244.179","December 27, 2020, 5:37 pm","1609070871","","0");
INSERT INTO food_scan_report VALUES("56","1","45.250.244.179","December 27, 2020, 5:46 pm","1609071390","","0");
INSERT INTO food_scan_report VALUES("57","1","45.250.244.179","December 27, 2020, 6:05 pm","1609072553","","0");
INSERT INTO food_scan_report VALUES("58","2","45.250.244.179","December 27, 2020, 6:12 pm","1609072951","","0");
INSERT INTO food_scan_report VALUES("59","1","45.250.244.179","December 27, 2020, 6:15 pm","1609073129","","0");
INSERT INTO food_scan_report VALUES("60","14","45.250.244.179","December 27, 2020, 8:01 pm","1609079477","","0");
INSERT INTO food_scan_report VALUES("61","15","45.250.244.179","December 27, 2020, 8:01 pm","1609079487","","0");
INSERT INTO food_scan_report VALUES("62","2","45.250.244.179","December 27, 2020, 8:26 pm","1609080976","","0");
INSERT INTO food_scan_report VALUES("63","15","45.250.244.179","December 27, 2020, 8:43 pm","1609082015","","0");
INSERT INTO food_scan_report VALUES("64","14","45.250.244.179","December 27, 2020, 9:07 pm","1609083439","","0");
INSERT INTO food_scan_report VALUES("65","15","45.250.244.179","December 27, 2020, 9:15 pm","1609083956","","0");
INSERT INTO food_scan_report VALUES("66","2","45.250.244.179","December 27, 2020, 9:16 pm","1609084007","","0");
INSERT INTO food_scan_report VALUES("67","5","45.250.244.179","December 27, 2020, 9:20 pm","1609084230","","0");
INSERT INTO food_scan_report VALUES("68","2","45.250.244.179","December 27, 2020, 9:22 pm","1609084345","","0");
INSERT INTO food_scan_report VALUES("69","2","45.250.244.179","December 27, 2020, 9:23 pm","1609084381","","0");
INSERT INTO food_scan_report VALUES("70","2","45.250.244.179","December 27, 2020, 9:23 pm","1609084390","","0");
INSERT INTO food_scan_report VALUES("71","3","45.250.244.179","December 27, 2020, 9:24 pm","1609084481","","0");
INSERT INTO food_scan_report VALUES("72","9","45.250.244.179","December 27, 2020, 9:25 pm","1609084507","","0");
INSERT INTO food_scan_report VALUES("73","20","45.250.244.179","December 27, 2020, 9:31 pm","1609084876","","0");
INSERT INTO food_scan_report VALUES("74","15","45.250.244.179","December 27, 2020, 9:31 pm","1609084899","","0");
INSERT INTO food_scan_report VALUES("75","15","45.250.244.179","December 27, 2020, 9:34 pm","1609085080","","0");
INSERT INTO food_scan_report VALUES("76","15","45.250.244.179","December 27, 2020, 9:46 pm","1609085789","","0");
INSERT INTO food_scan_report VALUES("77","2","45.250.244.179","December 27, 2020, 10:06 pm","1609087000","","0");
INSERT INTO food_scan_report VALUES("78","8","45.250.244.179","December 27, 2020, 10:23 pm","1609088034","","0");
INSERT INTO food_scan_report VALUES("79","2","45.250.244.179","December 27, 2020, 11:06 pm","1609090593","","0");
INSERT INTO food_scan_report VALUES("80","2","45.250.244.179","December 27, 2020, 11:07 pm","1609090656","","0");
INSERT INTO food_scan_report VALUES("81","21","45.250.244.179","December 28, 2020, 8:38 am","1609124895","","0");
INSERT INTO food_scan_report VALUES("82","9","45.250.244.179","December 28, 2020, 9:40 am","1609128615","","0");
INSERT INTO food_scan_report VALUES("83","16","45.250.244.179","December 28, 2020, 4:38 pm","1609153703","","0");
INSERT INTO food_scan_report VALUES("84","10","45.250.244.179","December 28, 2020, 5:16 pm","1609155964","","0");
INSERT INTO food_scan_report VALUES("85","17","45.250.244.179","December 28, 2020, 5:17 pm","1609156028","","0");
INSERT INTO food_scan_report VALUES("86","10","157.43.199.28","December 28, 2020, 8:33 pm","1609167795","","0");
INSERT INTO food_scan_report VALUES("87","10","45.250.244.179","December 28, 2020, 8:41 pm","1609168280","","0");
INSERT INTO food_scan_report VALUES("88","15","45.250.244.179","December 28, 2020, 8:46 pm","1609168599","b3273ad22c153e455b57715d76ec72b1","0");
INSERT INTO food_scan_report VALUES("89","22","45.250.244.179","December 28, 2020, 9:04 pm","1609169674","4aead58c176141ee8b18b15ddb87818e","0");
INSERT INTO food_scan_report VALUES("90","10","45.250.244.179","January 3, 2021, 8:46 am","1609643777","c6ef2d40e8afe36d3dac1df77fb15abc","0");
INSERT INTO food_scan_report VALUES("91","13","45.250.244.179","January 3, 2021, 9:27 am","1609646245","72ba76bc9f8ce03cb3eb1698aa9952c9","0");
INSERT INTO food_scan_report VALUES("92","2","45.250.244.179","January 3, 2021, 9:34 am","1609646652","","0");
INSERT INTO food_scan_report VALUES("93","3","45.250.244.179","January 3, 2021, 9:40 am","1609647013","","0");
INSERT INTO food_scan_report VALUES("94","16","45.250.244.194","January 3, 2021, 3:49 pm","1609669180","ade28c3159b45aa707e29c3b8e564619","0");
INSERT INTO food_scan_report VALUES("95","23","45.250.244.194","January 3, 2021, 3:50 pm","1609669224","946c8d94990128645339a96afea25189","0");
INSERT INTO food_scan_report VALUES("96","23","45.250.244.194","January 3, 2021, 3:51 pm","1609669267","0a16f4cb0bbfa5d1bdd63eba6a06719e","0");
INSERT INTO food_scan_report VALUES("97","23","45.250.244.194","January 3, 2021, 4:00 pm","1609669802","","0");
INSERT INTO food_scan_report VALUES("98","19","45.250.244.194","January 3, 2021, 5:53 pm","1609676636","","0");
INSERT INTO food_scan_report VALUES("132","18","45.250.244.194","January 7, 2021, 8:35 am","1609988723","","0");
INSERT INTO food_scan_report VALUES("100","8","45.250.244.194","January 3, 2021, 8:02 pm","1609684362","","0");
INSERT INTO food_scan_report VALUES("101","17","45.250.244.194","January 3, 2021, 8:04 pm","1609684492","","0");
INSERT INTO food_scan_report VALUES("102","22","45.250.244.194","January 3, 2021, 8:07 pm","1609684643","","0");
INSERT INTO food_scan_report VALUES("103","15","45.250.244.194","January 4, 2021, 7:53 am","1609727016","","0");
INSERT INTO food_scan_report VALUES("116","Parcel-16","45.250.244.194","January 4, 2021, 9:45 pm","1609776916","","0");
INSERT INTO food_scan_report VALUES("120","19","45.250.244.194","January 6, 2021, 8:37 am","1609902453","","0");
INSERT INTO food_scan_report VALUES("129","7","45.250.244.194","January 6, 2021, 11:00 pm","1609954220","","0");
INSERT INTO food_scan_report VALUES("106","Parcel-10","45.250.244.194","January 4, 2021, 8:13 am","1609728222","","0");
INSERT INTO food_scan_report VALUES("149","10","45.250.244.179","January 20, 2021, 6:04 pm","1611146084","","0");
INSERT INTO food_scan_report VALUES("134","16","45.250.244.194","January 8, 2021, 8:56 am","1610076403","","0");
INSERT INTO food_scan_report VALUES("121","22","45.250.244.194","January 6, 2021, 8:46 am","1609903015","","0");
INSERT INTO food_scan_report VALUES("133","21","45.250.244.194","January 8, 2021, 8:44 am","1610075660","","0");
INSERT INTO food_scan_report VALUES("165","1","45.250.244.64","January 27, 2021, 11:06 pm","1611769015","","0");
INSERT INTO food_scan_report VALUES("148","21","45.250.244.154","January 13, 2021, 4:43 pm","1610536388","","0");
INSERT INTO food_scan_report VALUES("185","7","115.96.114.86","January 28, 2021, 11:03 pm","1611855198","","0");
INSERT INTO food_scan_report VALUES("144","21","45.250.244.86","January 10, 2021, 10:44 am","1610255659","","0");
INSERT INTO food_scan_report VALUES("180","22","115.96.114.86","January 28, 2021, 6:45 pm","1611839721","","0");
INSERT INTO food_scan_report VALUES("176","8","115.96.114.86","January 28, 2021, 6:11 pm","1611837715","","0");
INSERT INTO food_scan_report VALUES("192","14","::1","February 6, 2021, 5:19 pm","1612612153","","0");
INSERT INTO food_scan_report VALUES("166","16","45.250.244.64","January 27, 2021, 11:27 pm","1611770244","","0");
INSERT INTO food_scan_report VALUES("182","1","115.96.114.86","January 28, 2021, 7:05 pm","1611840954","","0");



CREATE TABLE `food_settings` (
  `id` int(11) NOT NULL AUTO_INCREMENT,
  `send_sms_notifications` int(11) NOT NULL DEFAULT 1,
  `send_email_notifications` int(11) NOT NULL DEFAULT 1,
  `connect_ip` longtext DEFAULT NULL,
  `order_type` varchar(255) DEFAULT NULL,
  PRIMARY KEY (`id`)
) ENGINE=MyISAM AUTO_INCREMENT=2 DEFAULT CHARSET=latin1;

INSERT INTO food_settings VALUES("1","0","1","http://192.168.0.108:3100/OflineResturent","Online");



CREATE TABLE `food_table` (
  `id` int(11) NOT NULL AUTO_INCREMENT,
  `total_no_of_table` int(11) DEFAULT NULL,
  `total_working_no_of_table` int(11) DEFAULT NULL,
  PRIMARY KEY (`id`)
) ENGINE=MyISAM AUTO_INCREMENT=2 DEFAULT CHARSET=latin1;

INSERT INTO food_table VALUES("1","30","30");



CREATE TABLE `food_tax_charges` (
  `id` int(11) NOT NULL AUTO_INCREMENT,
  `name` varchar(255) DEFAULT NULL,
  `amount` float(6,2) DEFAULT NULL,
  `type` int(11) DEFAULT 0 COMMENT '0= %, 1= fixed',
  `charge_or_discount` int(11) DEFAULT 0 COMMENT '0= add, 1= discount',
  `status` int(11) DEFAULT 1,
  PRIMARY KEY (`id`)
) ENGINE=MyISAM AUTO_INCREMENT=36 DEFAULT CHARSET=latin1;

INSERT INTO food_tax_charges VALUES("35","CGST","10.00","0","0","1");



CREATE TABLE `payment_methods` (
  `id` int(11) NOT NULL AUTO_INCREMENT,
  `name` varchar(255) DEFAULT NULL,
  `status` int(11) DEFAULT 1,
  PRIMARY KEY (`id`)
) ENGINE=MyISAM AUTO_INCREMENT=8 DEFAULT CHARSET=latin1;

INSERT INTO payment_methods VALUES("1","Debit Card","1");
INSERT INTO payment_methods VALUES("2","Cash Payment","1");
INSERT INTO payment_methods VALUES("3","Credit Card","1");
INSERT INTO payment_methods VALUES("6","swiggy","1");
INSERT INTO payment_methods VALUES("7","phpnepe","1");



CREATE TABLE `slider_settings` (
  `id` int(11) NOT NULL AUTO_INCREMENT,
  `title` varchar(255) DEFAULT NULL,
  `body` longtext DEFAULT NULL,
  `img` longtext DEFAULT NULL,
  `status` int(11) DEFAULT 1,
  PRIMARY KEY (`id`)
) ENGINE=MyISAM AUTO_INCREMENT=4 DEFAULT CHARSET=latin1;

INSERT INTO slider_settings VALUES("1","Morning Collection","Start your morning with best food","1.jpg","1");
INSERT INTO slider_settings VALUES("2","Decoration You Love","Make dinner-date, Candle- light  dinner with your love ones","2.jpg","1");
INSERT INTO slider_settings VALUES("3","Best Food - Best Life","We deliver best food in the town","3.jpg","1");



CREATE TABLE `test` (
  `id` int(11) NOT NULL AUTO_INCREMENT,
  `test` varchar(255) NOT NULL,
  PRIMARY KEY (`id`)
) ENGINE=InnoDB AUTO_INCREMENT=3 DEFAULT CHARSET=utf8mb4;

INSERT INTO test VALUES("1","ffgsdfg");
INSERT INTO test VALUES("2","ffgsdfg");



CREATE TABLE `units` (
  `id` int(11) NOT NULL AUTO_INCREMENT,
  `unit_name` varchar(255) DEFAULT NULL,
  `remark` varchar(255) DEFAULT NULL,
  PRIMARY KEY (`id`)
) ENGINE=MyISAM AUTO_INCREMENT=7 DEFAULT CHARSET=latin1;

INSERT INTO units VALUES("1","Kg","");
INSERT INTO units VALUES("2","Gm","");
INSERT INTO units VALUES("3","Litter","");
INSERT INTO units VALUES("5","Bottle","");
INSERT INTO units VALUES("6","tin","");



CREATE TABLE `user` (
  `id` int(11) NOT NULL AUTO_INCREMENT,
  `email` varchar(100) DEFAULT NULL,
  `password` varchar(100) DEFAULT NULL,
  `number` varchar(100) DEFAULT NULL,
  `name` varchar(10000) DEFAULT NULL,
  `admin` varchar(100) DEFAULT '0',
  PRIMARY KEY (`id`)
) ENGINE=MyISAM AUTO_INCREMENT=4 DEFAULT CHARSET=latin1;

INSERT INTO user VALUES("1","superadmin","a4f0a041c1fc548034f5892e8cbc90ac","35346","superadmin","1");
INSERT INTO user VALUES("2","accountant","1674243c685acb385af47bf75b75ea26","634634","accountant","0");
INSERT INTO user VALUES("3","customer","e75e4ee5e20fce5eaca8e8b2cce22795","5645645","dfg","0");



CREATE TABLE `view_notification` (
  `id` int(11) NOT NULL AUTO_INCREMENT,
  `title` varchar(255) DEFAULT NULL,
  `notification` longtext DEFAULT NULL,
  `group_id` int(11) DEFAULT NULL,
  `status` int(11) DEFAULT 1,
  `created` date DEFAULT NULL,
  PRIMARY KEY (`id`)
) ENGINE=MyISAM DEFAULT CHARSET=latin1;


